Bitcoin,Bitcoin,Bitcoin
Date,Price,Volume
4/16/2013,93.07,27937764
4/17/2013,109.010002,16845410
4/18/2013,118.480003,30713924
4/19/2013,126.620003,9222871
4/20/2013,119.199997,12044404
4/21/2013,127.400002,7289977
4/22/2013,143.479996,15637961
4/23/2013,154.199997,34351545
4/24/2013,141.710007,26847891
4/25/2013,136.899994,17061324
4/26/2013,128,7855443
4/27/2013,134.440002,3665399
4/28/2013,144,9987126
4/29/2013,139.229996,9124397
4/30/2013,116.379997,21790982
5/1/2013,106.25,24937319
5/2/2013,98.099998,22502892
5/3/2013,112.900002,14147864
5/4/2013,115.980003,9557650
5/5/2013,112.25,17607427
5/6/2013,109.599998,14904474
5/7/2013,113.199997,6996024
5/8/2013,112.800003,3010117
5/9/2013,117.699997,9145408
5/10/2013,115.639999,3240171
5/11/2013,114.82,2361969
5/12/2013,117.980003,3063381
5/13/2013,111.400002,10082102
5/14/2013,114.220001,13006447
5/15/2013,118.209999,5222066
5/16/2013,123.5,9608029
5/17/2013,123.209999,2804847
5/18/2013,122.5,2507881
5/19/2013,122.019997,2118341
5/20/2013,122.889999,1637410
5/21/2013,123.800003,2252949
5/22/2013,126.300003,2772751
5/23/2013,133.100006,6333389
5/24/2013,131.990005,2203681
5/25/2013,133.5,3130389
5/26/2013,129.770004,6056707
5/27/2013,129,2918762
5/28/2013,132.25,2509796
5/29/2013,128.800003,3195601
5/30/2013,128.820007,2124938
5/31/2013,129.300003,816323
6/1/2013,122.5,12335011
6/2/2013,120.739998,3439235
6/3/2013,121.400002,2657125
6/4/2013,121.900002,2021380
6/5/2013,118.970001,2646311
6/6/2013,111,7372031
6/7/2013,107.889999,1874098
6/8/2013,100.440002,14647793
6/9/2013,106.349998,6786321
6/10/2013,109,1727992
6/11/2013,108.779999,1934487
6/12/2013,103.949997,3204375
6/13/2013,100,3629511
6/14/2013,99.800003,2264105
6/15/2013,99.900002,865174
6/16/2013,101.949997,1534858
6/17/2013,107.349998,6510457
6/18/2013,108.25,1895919
6/19/2013,111.290001,4795256
6/20/2013,109.5,4241011
6/21/2013,108.199997,791157
6/22/2013,107.900002,1188748
6/23/2013,102.089996,2986235
6/24/2013,103.330002,9760027
6/25/2013,104,1378467
6/26/2013,101.739998,1505488
6/27/2013,94.660004,4625623
6/28/2013,95,2469705
6/29/2013,97.510002,831721
6/30/2013,88.050003,4854051
7/1/2013,90.410004,2501192
7/2/2013,78.889999,6126930
7/3/2013,80.040001,4976159
7/4/2013,68.5,6478104
7/5/2013,69.660004,2885730
7/6/2013,76.5,3040545
7/7/2013,76,4542089
7/8/2013,76.699997,2462927
7/9/2013,88,4950378
7/10/2013,88.980003,3115116
7/11/2013,93.989998,9793701
7/12/2013,98.32,3206472
7/13/2013,94.419998,1183919
7/14/2013,98.889999,3407701
7/15/2013,97.099998,1626929
7/16/2013,98.5,1702482
7/17/2013,90.07,5415947
7/18/2013,92,2547076
7/19/2013,89.82,865043
7/20/2013,92,785274
7/21/2013,91.599998,839143
7/22/2013,95.559998,2333940
7/23/2013,95.089996,1382398
7/24/2013,96.949997,2171816
7/25/2013,96.019997,1079418
7/26/2013,94.400002,1430771
7/27/2013,98.779999,4160191
7/28/2013,101.480003,2499727
7/29/2013,107.959999,2893318
7/30/2013,106.209999,4916334
7/31/2013,104,1580804
8/1/2013,104.5,2893759
8/2/2013,104.949997,923169
8/3/2013,105.120003,670427
8/4/2013,106.720001,1647464
8/5/2013,106.559998,1424757
8/6/2013,105.989998,819975
8/7/2013,103.050003,2481342
8/8/2013,102.800003,1238426
8/9/2013,103,411941
8/10/2013,105,853962
8/11/2013,106.809998,2131117
8/12/2013,109.599998,2014623
8/13/2013,112.559998,5689765
8/14/2013,109.989998,1759713
8/15/2013,108.989998,1484874
8/16/2013,112.75,1430522
8/17/2013,113.379997,1093513
8/18/2013,118.5,6273089
8/19/2013,121.199997,2926824
8/20/2013,123.300003,3760529
8/21/2013,122,1695452
8/22/2013,118.510002,2324780
8/23/2013,119.599998,1068849
8/24/2013,122.110001,904128
8/25/2013,120.07,1386290
8/26/2013,131.289993,6882690
8/27/2013,128.759995,1627390
8/28/2013,129.300003,1059179
8/29/2013,138.029999,6269713
8/30/2013,141,4452962
8/31/2013,146.009995,2035993
9/1/2013,144,1546327
9/2/2013,144,2461257
9/3/2013,132.509995,3945752
9/4/2013,130.199997,3561373
9/5/2013,121.900002,2435581
9/6/2013,128.990005,1796862
9/7/2013,126.32,926689
9/8/2013,133.100006,3908439
9/9/2013,132.619995,1184452
9/10/2013,142.100006,5706218
9/11/2013,139.350006,2886300
9/12/2013,140.660004,2869985
9/13/2013,136.710007,1237692
9/14/2013,138.300003,886151
9/15/2013,139.419998,1480693
9/16/2013,139.149994,1344189
9/17/2013,140.410004,1328386
9/18/2013,135.050003,2862334
9/19/2013,133.809998,1484557
9/20/2013,134.380005,682674
9/21/2013,134,782376
9/22/2013,133.399994,799461
9/23/2013,134.779999,1148734
9/24/2013,135,1293657
9/25/2013,137.100006,886908
9/26/2013,138.929993,3757634
9/27/2013,142.5,1918884
9/28/2013,143.880005,2611317
9/29/2013,141.899994,2067367
9/30/2013,140.300003,1344565
10/1/2013,123,13888930
10/2/2013,130.990005,4488527
10/3/2013,136.820007,2491501
10/4/2013,136.699997,679668
10/5/2013,137.800003,665512
10/6/2013,135.800003,1006277
10/7/2013,136.490005,707471
10/8/2013,139.5,2431349
10/9/2013,140.410004,1551392
10/10/2013,140.100006,1013106
10/11/2013,142.889999,1559472
10/12/2013,147.529999,2342049
10/13/2013,151.369995,4512823
10/14/2013,158.089996,2416464
10/15/2013,152.820007,6636228
10/16/2013,157.589996,2470394
10/17/2013,168.279999,4225505
10/18/2013,183.149994,10000685
10/19/2013,186.100006,2087108
10/20/2013,192.779999,4613540
10/21/2013,202.990005,6761835
10/22/2013,227.970001,8526441
10/23/2013,206.979996,19649229
10/24/2013,197.880005,6934330
10/25/2013,188.559998,2322934
10/26/2013,206.910004,2633454
10/27/2013,206.899994,2287257
10/28/2013,216,2119311
10/29/2013,208,2853902
10/30/2013,211.169998,1121246
10/31/2013,213.429993,1251780
11/1/2013,211.690002,1041300
11/2/2013,224,2694954
11/3/2013,238.160004,4167915
11/4/2013,251.300003,11094612
11/5/2013,264.100006,10223786
11/6/2013,309.649994,25582885
11/7/2013,355,15072022
11/8/2013,367.790009,18427776
11/9/2013,336.320007,24225281
11/10/2013,362.980011,6330618
11/11/2013,380.040009,8309810
11/12/2013,434.850006,14780190
11/13/2013,433.399994,13453174
11/14/2013,433.920013,12273745
11/15/2013,461.959991,8737836
11/16/2013,528.299988,13340495
11/17/2013,785.429993,45461600
11/18/2013,645.690002,69095497
11/19/2013,637.969971,50748177
11/20/2013,764.909973,27128283
11/21/2013,802,22686962
11/22/2013,832.5,17908081
11/23/2013,795.01001,20776035
11/24/2013,829.98999,21438670
11/25/2013,969.960022,28285852
11/26/2013,1079.890015,37868643
11/27/2013,1101.380005,42912383
11/28/2013,1206.930054,45030632
11/29/2013,1205.660034,18266602
11/30/2013,1004.390015,83244488
12/1/2013,1096.560059,39234863
12/2/2013,1154.859985,21865760
12/3/2013,1237.550049,19409766
12/4/2013,1106.349976,62292919
12/5/2013,845.02002,50747162
12/6/2013,697.02002,70727083
12/7/2013,803.960022,23044397
12/8/2013,918.950012,24553208
12/9/2013,1033.719971,21734994
12/10/2013,919.929993,23051224
12/11/2013,899.97998,8798283
12/12/2013,936.77002,16173632
12/13/2013,908.940002,10532106
12/14/2013,919.880005,13302074
12/15/2013,759.919983,32899151
12/16/2013,714.969971,22933905
12/17/2013,540.97998,62529030
12/18/2013,731.950012,29980041
12/19/2013,649.960022,24291048
12/20/2013,640.47998,9550420
12/21/2013,639.48999,7693603
12/22/2013,713.23999,10210388
12/23/2013,702.75,7647250
12/24/2013,707.25,3721814
12/25/2013,801.97998,18209291
12/26/2013,803.049988,11073604
12/27/2013,761.98999,10127883
12/28/2013,784.960022,5448579
12/29/2013,804.830017,8411786
12/30/2013,805.940002,7294004
12/31/2013,815.940002,8663855
1/1/2014,856.909973,10826907
1/2/2014,884.26001,8409629
1/3/2014,924.690002,12784626
1/4/2014,1014.73999,20789364
1/5/2014,1012.650024,23622237
1/6/2014,879.900024,21753921
1/7/2014,938.840027,12942254
1/8/2014,936.950012,13202619
1/9/2014,957.76001,5909107
1/10/2014,1005.320007,10948175
1/11/2014,939.789978,9620090
1/12/2014,922.909973,9220891
1/13/2014,919.280029,3960633
1/14/2014,941.219971,6448062
1/15/2014,913.48999,4720008
1/16/2014,894.159973,9203107
1/17/2014,905.719971,5493742
1/18/2014,954.799988,7071649
1/19/2014,955.950012,9981282
1/20/2014,962.210022,6289022
1/21/2014,950.950012,4503428
1/22/2014,944.159973,1839615
1/23/2014,916.549988,5684047
1/24/2014,961.049988,7797108
1/25/2014,1007,13054605
1/26/2014,943.539978,8052715
1/27/2014,932.679993,9757613
1/28/2014,925.669983,5254878
1/29/2014,941.390015,5026461
1/30/2014,938.849976,4024749
1/31/2014,940.419983,4118865
2/1/2014,953.309998,1495327
2/2/2014,931.710022,2601784
2/3/2014,926.640015,4250751
2/4/2014,904.52002,6865987
2/5/2014,828.869995,15719958
2/6/2014,695.650024,36412212
2/7/2014,648.780029,15503790
2/8/2014,659.570007,13186251
2/9/2014,582.630005,24334044
2/10/2014,578.960022,9621820
2/11/2014,531.130005,11628634
2/12/2014,451.440002,14394464
2/13/2014,427.679993,25084223
2/14/2014,371.070007,18299075
2/15/2014,299.799988,26267622
2/16/2014,272.279999,16532226
2/17/2014,293.950012,14130126
2/18/2014,261.529999,8618299
2/19/2014,111.919998,16608347
2/20/2014,111.559998,10115923
2/21/2014,255.589996,11838225
2/22/2014,310.170013,11158706
2/23/2014,174,17929284
2/24/2014,135.779999,3993023
2/25/2014,593.140015,383571
2/26/2014,596.48999,322887
2/27/2014,573.940002,321170
2/28/2014,557.390015,250331
3/1/2014,544.559998,469498
3/2/2014,662.179993,794976
3/3/2014,661.849976,947328
3/4/2014,658.299988,855787
3/5/2014,648.26001,1367401
3/6/2014,616.72998,1498290
3/7/2014,609.210022,1335982
3/8/2014,627.049988,1209993
3/9/2014,612.969971,1648979
3/10/2014,608.690002,1520733
3/11/2014,619.429993,2022394
3/12/2014,625.039978,2168407
3/13/2014,614.030029,2514218
3/14/2014,624.030029,2168732
3/15/2014,619.140015,2055390
3/16/2014,606.380005,2227123
3/17/2014,598.929993,2234320
3/18/2014,594.960022,2164735
3/19/2014,565.98999,2471474
3/20/2014,549.599976,2173864
3/21/2014,564.340027,2078360
3/22/2014,551.159973,2286135
3/23/2014,567.559998,2024402
3/24/2014,562.890015,2172190
3/25/2014,562.450012,2087611
3/26/2014,460.450012,2010894
3/27/2014,482.609985,2022261
3/28/2014,477.109985,2087784
3/29/2014,446.920013,1769770
3/30/2014,444.660004,1850592
3/31/2014,463.450012,1845836
4/1/2014,424.369995,2004152
4/2/2014,436.309998,1708540
4/3/2014,444.359985,1127311
4/4/2014,456.630005,529964
4/5/2014,455.690002,1644846
4/6/2014,462.380005,1847982
4/7/2014,466.559998,1839605
4/8/2014,457.339996,1809262
4/9/2014,384.630005,1547153
4/10/2014,435.140015,2175242
4/11/2014,437.649994,2293511
4/12/2014,427.600006,2143146
4/13/2014,478.380005,3546258
4/14/2014,526.429993,3945871
4/15/2014,536.950012,4192651
4/16/2014,502,4097576
4/17/2014,485.519989,4112826
4/18/2014,506.019989,4154929
4/19/2014,498.51001,3879198
4/20/2014,495.160004,3688692
4/21/2014,487.910004,2824567
4/22/2014,487.299988,2340457
4/23/2014,500.290009,2075376
4/24/2014,464.48999,3000226
4/25/2014,457.869995,3157540
4/26/2014,443.179993,3154922
4/27/2014,441.920013,2004954
4/28/2014,446.119995,1670352
4/29/2014,445.630005,1831533
4/30/2014,460.130005,1915772
5/1/2014,453.670013,1532239
5/2/2014,438.649994,1143291
5/3/2014,436.049988,1470650
5/4/2014,430.869995,1328247
5/5/2014,432.190002,1809731
5/6/2014,446.549988,2209759
5/7/2014,441.109985,1134338
5/8/2014,445.450012,1013830
5/9/2014,451.899994,210112
5/10/2014,433.230011,845213
5/11/2014,438.209991,610287
5/12/2014,433.920013,1164049
5/13/2014,442.630005,978031
5/14/2014,448.100006,989003
5/15/2014,453.630005,799913
5/16/2014,452.790009,776390
5/17/2014,450.140015,653912
5/18/2014,443.899994,602742
5/19/2014,484.570007,883359
5/20/2014,488.839996,689104
5/21/2014,515.359985,1589075
5/22/2014,518.090027,1457339
5/23/2014,520.460022,1492790
5/24/2014,570.440002,1037758
5/25/2014,582.01001,1712997
5/26/2014,570.099976,1947436
5/27/2014,570.840027,2054559
5/28/2014,564.419983,2121556
5/29/2014,612.349976,3688564
5/30/2014,627.909973,2738340
5/31/2014,649.789978,2322782
6/1/2014,655.48999,2650871
6/2/2014,669.429993,2883100
6/3/2014,638.929993,3601867
6/4/2014,660.179993,1825395
6/5/2014,650.409973,3978265
6/6/2014,651.669983,1298892
6/7/2014,651.049988,2167689
6/8/2014,644.349976,2126014
6/9/2014,655.619995,2340867
6/10/2014,642.950012,2491455
6/11/2014,597.130005,2928622
6/12/2014,610.349976,4612164
6/13/2014,583.419983,2985483
6/14/2014,582.289978,2272289
6/15/2014,599.080017,2403694
6/16/2014,605.090027,1820590
6/17/2014,606.210022,2037434
6/18/2014,600.169983,3433287
6/19/2014,590.75,1312852
6/20/2014,597.039978,1373722
6/21/2014,603.619995,1240859
6/22/2014,591.169983,1594834
6/23/2014,588.77002,1840620
6/24/2014,568.450012,1797681
6/25/2014,582.700012,2401035
6/26/2014,602.22998,2015064
6/27/2014,597.559998,1778752
6/28/2014,601.059998,1736172
6/29/2014,635.140015,2394861
6/30/2014,643.190002,2675353
7/1/2014,645.719971,3099761
7/2/2014,638.030029,2580980
7/3/2014,623.960022,2291612
7/4/2014,622.960022,2034965
7/5/2014,626.650024,1698242
7/6/2014,613.599976,1590944
7/7/2014,615.320007,2004899
7/8/2014,623,1920482
7/9/2014,618.390015,2253171
7/10/2014,632.900024,1969199
7/11/2014,635.900024,2179286
7/12/2014,628.030029,1082830
7/13/2014,618.320007,1601572
7/14/2014,619.599976,2310446
7/15/2014,614.799988,1873008
7/16/2014,626.580017,1833775
7/17/2014,627.469971,2109225
7/18/2014,627.039978,2505181
7/19/2014,620.97998,1442853
7/20/2014,625.130005,1596614
7/21/2014,622.530029,2068876
7/22/2014,621.690002,1372935
7/23/2014,601.869995,2896094
7/24/2014,600.5,3592179
7/25/2014,596,2095634
7/26/2014,595.030029,2118021
7/27/2014,587.929993,1391966
7/28/2014,585.77002,3962906
7/29/2014,564.640015,2397473
7/30/2014,589.52002,2057947
7/31/2014,598.780029,5356663
8/1/2014,591.719971,1278807
8/2/2014,588.940002,752201
8/3/2014,592.77002,2047890
8/4/2014,588.76001,2429310
8/5/2014,589.77002,1785940
8/6/2014,592.799988,1485017
8/7/2014,595.849976,1873039
8/8/2014,589.52002,843722
8/9/2014,592.059998,796584
8/10/2014,575.890015,1512262
8/11/2014,567.659973,1894843
8/12/2014,542.099976,2659458
8/13/2014,504.799988,5608470
8/14/2014,496.450012,2407799
8/15/2014,522.01001,1956441
8/16/2014,485.5,1584568
8/17/2014,462.179993,2991012
8/18/2014,485.119995,2458098
8/19/2014,516.780029,2965577
8/20/2014,517.940002,2974478
8/21/2014,516.099976,3116862
8/22/2014,497.679993,1596652
8/23/2014,509.709991,1294320
8/24/2014,502.929993,1409621
8/25/2014,512.559998,1831000
8/26/2014,515.22998,1982424
8/27/2014,510.75,2307082
8/28/2014,512.559998,1876846
8/29/2014,505.959991,1337420
8/30/2014,481.779999,2982601
8/31/2014,477.190002,3261178
9/1/2014,478.940002,3291738
9/2/2014,480.040009,3018772
9/3/2014,490.98999,4345165
9/4/2014,483.649994,3013185
9/5/2014,484.470001,1883095
9/6/2014,485.75,1755360
9/7/2014,475.690002,3948928
9/8/2014,474.899994,3529051
9/9/2014,479.700012,4058785
9/10/2014,478.48999,3086920
9/11/2014,477.730011,2514548
9/12/2014,478.170013,2569793
9/13/2014,477.73999,2031789
9/14/2014,477.709991,2753462
9/15/2014,466.75,3139554
9/16/2014,461.089996,3522262
9/17/2014,424.26001,3946908
9/18/2014,397.670013,6062707
9/19/2014,411.529999,5919676
9/20/2014,401.619995,4229727
9/21/2014,404.089996,5531782
9/22/2014,436.859985,7490861
9/23/2014,423.769989,9217984
9/24/2014,412.290009,6143388
9/25/2014,404.459991,4966479
9/26/2014,399.019989,3950428
9/27/2014,379.079987,5453338
9/28/2014,376.769989,7924759
9/29/2014,388.170013,6520432
9/30/2014,382.839996,6892843
10/1/2014,375.140015,5471103
10/2/2014,363.450012,6278574
10/3/2014,335.320007,8050734
10/4/2014,322.859985,9512572
10/5/2014,331.549988,13642089
10/6/2014,331.649994,10076018
10/7/2014,350.869995,7413499
10/8/2014,360.910004,13020038
10/9/2014,361.709991,10394856
10/10/2014,361.220001,5049013
10/11/2014,373.170013,4077867
10/12/2014,387.320007,8935310
10/13/2014,397.100006,11549913
10/14/2014,393.170013,8867207
10/15/2014,379.769989,7999668
10/16/2014,380.480011,6324477
10/17/2014,390.880005,3657801
10/18/2014,387.279999,2088508
10/19/2014,380.390015,4075710
10/20/2014,382.350006,3745779
10/21/2014,378.929993,4064736
10/22/2014,355.779999,6999640
10/23/2014,355.100006,7185001
10/24/2014,346.720001,4929757
10/25/2014,348.670013,4076756
10/26/2014,350.089996,3777108
10/27/2014,351.059998,3372185
10/28/2014,335.119995,4259966
10/29/2014,344.859985,5522262
10/30/2014,337.869995,4814121
10/31/2014,325.429993,4540440
11/1/2014,322.549988,3878749
11/2/2014,324.23999,4435458
11/3/2014,327.959991,4955240
11/4/2014,338.01001,5342189
11/5/2014,347.670013,5388972
11/6/2014,341.869995,5215262
11/7/2014,343.540009,2834855
11/8/2014,362.040009,4466556
11/9/2014,367.149994,8387025
11/10/2014,365.420013,5817809
11/11/2014,432.029999,15737081
11/12/2014,428.720001,25304725
11/13/2014,396.529999,14250930
11/14/2014,374.859985,5185270
11/15/2014,385.609985,5497204
11/16/2014,384.690002,10942934
11/17/2014,379.160004,10404772
11/18/2014,381.429993,7592152
11/19/2014,357.299988,8084810
11/20/2014,351.769989,8291129
11/21/2014,352.01001,4632290
11/22/2014,365.850006,4504560
11/23/2014,378.850006,9244691
11/24/2014,376.429993,17405251
11/25/2014,365.350006,8916241
11/26/2014,368.829987,5144146
11/27/2014,377.589996,16118258
11/28/2014,376.279999,31983637
11/29/2014,374.929993,4269105
11/30/2014,378.609985,7481865
12/1/2014,380.640015,9664274
12/2/2014,376.959991,8950322
12/3/2014,369.839996,9521316
12/4/2014,377.630005,11251853
12/5/2014,376.26001,4181319
12/6/2014,376.470001,3334332
12/7/2014,364.950012,8506201
12/8/2014,352.190002,15529628
12/9/2014,347.940002,9535221
12/10/2014,347.679993,18063629
12/11/2014,353.399994,9490205
12/12/2014,348.23999,6837218
12/13/2014,349.350006,4328238
12/14/2014,345.369995,7746836
12/15/2014,330.220001,13001054
12/16/2014,320.019989,19834674
12/17/2014,310.339996,18932813
12/18/2014,317.779999,13119110
12/19/2014,330.350006,9768954
12/20/2014,322.630005,6746131
12/21/2014,330.839996,11694687
12/22/2014,335.25,8057502
12/23/2014,322.399994,7112691
12/24/2014,318.98999,4926116
12/25/2014,329.980011,7518851
12/26/2014,315.339996,6940336
12/27/2014,316.529999,6482718
12/28/2014,314.119995,6457547
12/29/2014,311.269989,7163083
12/30/2014,318.23999,6472822
12/31/2014,314.890015,4073067
1/1/2015,315.209991,4673971
1/2/2015,287.130005,14209564
1/3/2015,264.720001,24255392
1/4/2015,274.839996,14995382
1/5/2015,282.269989,6097640
1/6/2015,291.339996,8827164
1/7/2015,282.690002,5796312
1/8/2015,287.970001,5963203
1/9/2015,273.350006,4147357
1/10/2015,264.769989,4122751
1/11/2015,269.329987,6899315
1/12/2015,221.289993,22745960
1/13/2015,164.919998,32911586
1/14/2015,209.779999,25672423
1/15/2015,206.919998,13208882
1/16/2015,199.649994,8685194
1/17/2015,210.619995,8429486
1/18/2015,215.869995,6744459
1/19/2015,210.550003,7926400
1/20/2015,228.169998,9390361
1/21/2015,232.699997,12508308
1/22/2015,232.169998,8855407
1/23/2015,248.160004,8011743
1/24/2015,252.089996,12509649
1/25/2015,269.179993,29806496
1/26/2015,263.269989,13130803
1/27/2015,236.169998,15880595
1/28/2015,233.990005,12723448
1/29/2015,231.839996,11316575
1/30/2015,218.509995,9645307
1/31/2015,225.289993,9058010
2/1/2015,238.860001,8965813
2/2/2015,227.410004,15000263
2/3/2015,226.580002,12495299
2/4/2015,216.520004,9055713
2/5/2015,222.960007,11628519
2/6/2015,227.679993,9046632
2/7/2015,223.669998,6564922
2/8/2015,220.339996,20192733
2/9/2015,219.669998,18877297
2/10/2015,218.830002,15909377
2/11/2015,221.789993,11084499
2/12/2015,236.169998,26243104
2/13/2015,258.640015,33313626
2/14/2015,233.270004,43921119
2/15/2015,235.830002,27187677
2/16/2015,243.199997,27926884
2/17/2015,235.199997,23813015
2/18/2015,241.919998,15852470
2/19/2015,244.520004,20434846
2/20/2015,244.410004,10570761
2/21/2015,235.729996,18107359
2/22/2015,238.820007,14856549
2/23/2015,238.889999,10787951
2/24/2015,237.330002,9092357
2/25/2015,236.529999,12064967
2/26/2015,253.470001,42282820
2/27/2015,254.059998,9999594
2/28/2015,257.940002,12964061
3/1/2015,273.75,21562624
3/2/2015,280.649994,45650597
3/3/2015,271.920013,38656923
3/4/2015,275.230011,33599454
3/5/2015,272.559998,27014943
3/6/2015,274.910004,16708000
3/7/2015,274.48999,13902830
3/8/2015,290.019989,43259194
3/9/2015,291.369995,46657647
3/10/2015,295.600006,23542829
3/11/2015,293.850006,31607747
3/12/2015,287.209991,28288614
3/13/2015,281.600006,21495879
3/14/2015,284.880005,11238833
3/15/2015,290.410004,19355605
3/16/2015,285.380005,18775700
3/17/2015,255.919998,55391241
3/18/2015,260.929993,46525086
3/19/2015,261.779999,13853175
3/20/2015,259.709991,13413360
3/21/2015,268.570007,14980752
3/22/2015,265.459991,21749937
3/23/2015,246.720001,38033136
3/24/2015,246.369995,32092197
3/25/2015,248.020004,22412560
3/26/2015,247.210007,15543779
3/27/2015,252.020004,13890988
3/28/2015,242.080002,18971340
3/29/2015,246.789993,20963830
3/30/2015,244.149994,18515676
3/31/2015,246.240005,16412525
4/1/2015,252.600006,20354036
4/2/2015,254.479996,18264452
4/3/2015,252.889999,7805160
4/4/2015,259.640015,11277271
4/5/2015,254.970001,11857398
4/6/2015,252.970001,11401051
4/7/2015,244.570007,25401433
4/8/2015,243.320007,16846896
4/9/2015,234.729996,23728422
4/10/2015,236.479996,12319489
4/11/2015,235.850006,7814533
4/12/2015,223.589996,23982950
4/13/2015,217.990005,25315606
4/14/2015,222.970001,17099352
4/15/2015,227.979996,19315044
4/16/2015,222.589996,15015559
4/17/2015,223.350006,8152434
4/18/2015,223.020004,7984589
4/19/2015,224.240005,10082693
4/20/2015,233.729996,15658818
4/21/2015,233.779999,18280060
4/22/2015,235.399994,9982620
4/23/2015,231.089996,16221169
4/24/2015,226.139999,10015666
4/25/2015,218.699997,22088733
4/26/2015,228.960007,27696437
4/27/2015,225.809998,14896418
4/28/2015,225.419998,13743340
4/29/2015,235.770004,26242196
4/30/2015,233.210007,14178420
5/1/2015,235.339996,8703582
5/2/2015,239.990005,13389153
5/3/2015,238.970001,16599243
5/4/2015,235.820007,18333196
5/5/2015,230.029999,24127653
5/6/2015,237.729996,21315971
5/7/2015,243.740005,21226000
5/8/2015,241.399994,15281109
5/9/2015,239.960007,10634289
5/10/2015,241.809998,13819530
5/11/2015,241.580002,9712214
5/12/2015,236.380005,20329395
5/13/2015,236.899994,16833656
5/14/2015,237.199997,10932777
5/15/2015,236.229996,6415070
5/16/2015,236.300003,6738302
5/17/2015,232.639999,12516261
5/18/2015,232.020004,9550029
5/19/2015,233.960007,11626735
5/20/2015,235.380005,10114419
5/21/2015,240.369995,17630641
5/22/2015,238.940002,8659651
5/23/2015,240.979996,7278251
5/24/2015,237.410004,6301300
5/25/2015,237.839996,8842430
5/26/2015,237.289993,11445501
5/27/2015,237.320007,8508673
5/28/2015,237.029999,9241377
5/29/2015,233.220001,9738568
5/30/2015,229.839996,9036624
5/31/2015,223.139999,19658919
6/1/2015,225.740005,13666049
6/2/2015,225.589996,12279838
6/3/2015,224.220001,9934190
6/4/2015,225.289993,12703848
6/5/2015,224.740005,5074897
6/6/2015,223.470001,9097310
6/7/2015,228.570007,16824026
6/8/2015,229.559998,12617632
6/9/2015,228.789993,9556657
6/10/2015,229.880005,8745318
6/11/2015,230.460007,9406856
6/12/2015,232.479996,8803491
6/13/2015,233.75,7700053
6/14/2015,237,15006949
6/15/2015,249.820007,29956654
6/16/2015,247.380005,30652977
6/17/2015,248.440002,19421567
6/18/2015,244.130005,20914718
6/19/2015,244.979996,12470598
6/20/2015,244.100006,6140997
6/21/2015,247.460007,11713076
6/22/2015,243.759995,9432470
6/23/2015,240.559998,11415709
6/24/2015,242.559998,9791297
6/25/2015,242.949997,9112156
6/26/2015,250.729996,13525813
6/27/2015,248.880005,9955671
6/28/2015,256.970001,23504772
6/29/2015,264.119995,30621602
6/30/2015,257.619995,17316801
7/1/2015,254.880005,11560214
7/2/2015,255.399994,9335969
7/3/2015,260.549988,8502000
7/4/2015,270.140015,12906220
7/5/2015,269.079987,14242625
7/6/2015,266.209991,11104556
7/7/2015,268.640015,12157995
7/8/2015,269.140015,13058350
7/9/2015,283.619995,33254590
7/10/2015,291.970001,13584989
7/11/2015,310.440002,36866127
7/12/2015,290.350006,42741263
7/13/2015,286.959991,17635928
7/14/2015,283.420013,17274148
7/15/2015,276.589996,34155564
7/16/2015,279.619995,17217352
7/17/2015,274.049988,15358107
7/18/2015,273.179993,8322466
7/19/2015,277.679993,12900609
7/20/2015,275.089996,13667891
7/21/2015,276.459991,11596311
7/22/2015,275.519989,9870635
7/23/2015,288.369995,21095041
7/24/2015,288.73999,12024889
7/25/2015,291.769989,9038050
7/26/2015,293.01001,20358325
7/27/2015,293.700012,14466428
7/28/2015,288.369995,14738216
7/29/2015,287.019989,12888680
7/30/2015,283.730011,14019071
7/31/2015,280.470001,11068826
8/1/2015,281.359985,9978638
8/2/2015,281.579987,13006246
8/3/2015,284.299988,12732203
8/4/2015,281.720001,10854754
8/5/2015,278,9319083
8/6/2015,277.890015,11919665
8/7/2015,258.600006,22308123
8/8/2015,263.869995,15154749
8/9/2015,263.299988,12873441
8/10/2015,269.029999,13681939
8/11/2015,267.660004,15232934
8/12/2015,263.440002,14962211
8/13/2015,265.029999,13899139
8/14/2015,260.519989,10303301
8/15/2015,257.119995,17880398
8/16/2015,257.130005,12378054
8/17/2015,246.720001,23896056
8/18/2015,226,55514712
8/19/2015,234.660004,21225055
8/20/2015,232.399994,13485729
8/21/2015,229.539993,16976922
8/22/2015,226.75,11204081
8/23/2015,211.429993,43008579
8/24/2015,220.509995,40651749
8/25/2015,224.970001,20986286
8/26/2015,222.729996,13631111
8/27/2015,231.639999,20751420
8/28/2015,228.5,10072201
8/29/2015,228.399994,9118089
8/30/2015,229.470001,12521966
8/31/2015,227.179993,15206241
9/1/2015,228.630005,13443780
9/2/2015,226.199997,12337406
9/3/2015,230.25,14174313
9/4/2015,233.669998,11253257
9/5/2015,239.860001,15939620
9/6/2015,239.580002,13744695
9/7/2015,243.240005,18605471
9/8/2015,237.410004,16636258
9/9/2015,238.080002,14447606
9/10/2015,239.899994,10992443
9/11/2015,235.600006,10407178
9/12/2015,230.190002,11983360
9/13/2015,229.910004,14070910
9/14/2015,229.529999,11425472
9/15/2015,228.600006,11866728
9/16/2015,232.720001,12975914
9/17/2015,232.210007,12397851
9/18/2015,231.110001,8004103
9/19/2015,231.089996,7676869
9/20/2015,226.330002,12180039
9/21/2015,230.009995,16390021
9/22/2015,229.889999,10064288
9/23/2015,233.759995,16797644
9/24/2015,235.029999,14510987
9/25/2015,234.300003,9449846
9/26/2015,232.5,8429802
9/27/2015,238.869995,15282768
9/28/2015,236.710007,13637645
9/29/2015,235.929993,11946864
9/30/2015,237.050003,12534482
10/1/2015,236.710007,11378441
10/2/2015,238.580002,10338780
10/3/2015,238.330002,7618430
10/4/2015,240.149994,14631928
10/5/2015,246.139999,19242190
10/6/2015,242.979996,15363142
10/7/2015,242.580002,10762328
10/8/2015,244.039993,9897714
10/9/2015,245.350006,9547124
10/10/2015,247.649994,10232454
10/11/2015,245.350006,9961674
10/12/2015,248.779999,18553307
10/13/2015,252.330002,17511356
10/14/2015,254.440002,15465023
10/15/2015,262.869995,24886162
10/16/2015,269.579987,30715446
10/17/2015,261.670013,13921233
10/18/2015,263.820007,15352671
10/19/2015,269.75,20200355
10/20/2015,267.109985,16006977
10/21/2015,274.420013,25481882
10/22/2015,276.920013,19221822
10/23/2015,282.559998,16875626
10/24/2015,287.859985,32946170
10/25/2015,285.149994,20794049
10/26/2015,294.660004,31003938
10/27/2015,303.540009,35117112
10/28/2015,313.630005,43194878
10/29/2015,327.119995,50796456
10/30/2015,311.23999,33762428
10/31/2015,322.950012,23427549
11/1/2015,359.279999,76864059
11/2/2015,396.48999,163481625
11/3/2015,400.890015,229673024
11/4/2015,382.700012,121763708
11/5/2015,369.809998,94921694
11/6/2015,385.089996,39495095
11/7/2015,371.559998,35907981
11/8/2015,380.220001,47074440
11/9/2015,336.690002,74896052
11/10/2015,304.709991,83078426
11/11/2015,333.850006,54120828
11/12/2015,333.769989,32480298
11/13/2015,331.769989,23836097
11/14/2015,317.450012,28640663
11/15/2015,330.209991,28260517
11/16/2015,333.910004,32944787
11/17/2015,335.920013,26194853
11/18/2015,324.980011,28543062
11/19/2015,321.119995,35090324
11/20/2015,324.700012,14652996
11/21/2015,322.779999,11915632
11/22/2015,322.119995,13839023
11/23/2015,318.350006,16282941
11/24/2015,327.519989,25200934
11/25/2015,353.73999,73395832
11/26/2015,359.519989,36955394
11/27/2015,355.829987,19988111
11/28/2015,370.839996,24546100
11/29/2015,377.970001,48913368
11/30/2015,361.799988,40821470
12/1/2015,359.980011,32881089
12/2/2015,360.309998,31673283
12/3/2015,361.670013,21820610
12/4/2015,386.690002,43438102
12/5/2015,393.380005,52068577
12/6/2015,394.279999,38102878
12/7/2015,410.670013,29543120
12/8/2015,416,61289838
12/9/2015,415.48999,29794270
12/10/2015,449.829987,76433917
12/11/2015,432.290009,91838640
12/12/2015,434.690002,27898250
12/13/2015,442,97068568
12/14/2015,462.649994,48912227
12/15/2015,453.980011,84336145
12/16/2015,455.529999,29344348
12/17/2015,463.179993,38425211
12/18/2015,461.200012,28327900
12/19/2015,441.779999,54316484
12/20/2015,437.589996,53270215
12/21/2015,437.029999,28845536
12/22/2015,442.429993,27877349
12/23/2015,452.980011,36096662
12/24/2015,454.049988,19251958
12/25/2015,415.369995,88564770
12/26/2015,422.390015,28259303
12/27/2015,421.76001,28978639
12/28/2015,431.920013,30163445
12/29/2015,427.149994,29289416
12/30/2015,429.950012,27758278
12/31/2015,433.98999,20334286
1/1/2016,433.720001,14566820
1/2/2016,430.700012,23490162
1/3/2016,433.320007,22943968
1/4/2016,431.200012,19499588
1/5/2016,430.820007,18702334
1/6/2016,457.049988,58253615
1/7/2016,452.869995,41594025
1/8/2016,448.309998,17967113
1/9/2016,446.190002,19778456
1/10/2016,447.720001,25358480
1/11/2016,445.040009,19913400
1/12/2016,432.179993,39525195
1/13/2016,429.130005,19948730
1/14/2016,372.26001,107060613
1/15/2016,385.040009,68297105
1/16/2016,382.470001,25464382
1/17/2016,384.399994,26546465
1/18/2016,379.459991,25417876
1/19/2016,414.579987,76873917
1/20/2016,410.23999,37264942
1/21/2016,382.649994,56548790
1/22/2016,388.609985,23908533
1/23/2016,402.130005,25770175
1/24/2016,392.76001,26793044
1/25/2016,389.779999,22384754
1/26/2016,395.019989,17297117
1/27/2016,379.690002,29717813
1/28/2016,380.290009,51927041
1/29/2016,377.76001,13720656
1/30/2016,369.839996,14718855
1/31/2016,372.179993,27728088
2/1/2016,373.920013,19123252
2/2/2016,368.019989,22266682
2/3/2016,390.649994,38961905
2/4/2016,386.459991,23688228
2/5/2016,376.679993,29801286
2/6/2016,377.940002,15395728
2/7/2016,372.630005,23424062
2/8/2016,375.320007,20801701
2/9/2016,381.880005,37137791
2/10/2016,379.450012,23858467
2/11/2016,384.040009,20685663
2/12/2016,390.100006,18757146
2/13/2016,405.5,29442484
2/14/2016,401.070007,34862753
2/15/2016,406.420013,27726590
2/16/2016,417.140015,37559686
2/17/2016,421.399994,32541108
2/18/2016,419.980011,21991480
2/19/2016,440.059998,48500793
2/20/2016,437.869995,44120520
2/21/2016,437.790009,24563748
2/22/2016,419.899994,39915706
2/23/2016,422.720001,28041199
2/24/2016,423.480011,22692099
2/25/2016,427.320007,22642013
2/26/2016,431.299988,18543436
2/27/2016,432.470001,21876091
2/28/2016,436.209991,30077319
2/29/2016,434.040009,29312670
3/1/2016,425.359985,24894311
3/2/2016,419.559998,33188751
3/3/2016,409.480011,31416610
3/4/2016,399,51725937
3/5/2016,405.959991,25324456
3/6/2016,414.869995,25349627
3/7/2016,411.899994,22204517
3/8/2016,412.76001,21035428
3/9/2016,415.829987,23114636
3/10/2016,419.109985,25469781
3/11/2016,410.359985,24660321
3/12/2016,412.410004,14457108
3/13/2016,414.309998,20471909
3/14/2016,415.130005,20227610
3/15/2016,415.910004,18509954
3/16/2016,418.160004,18409340
3/17/2016,408.160004,27178165
3/18/2016,408.690002,15084656
3/19/2016,411.529999,12577521
3/20/2016,411.109985,17735457
3/21/2016,416.209991,20425092
3/22/2016,416.980011,16946522
3/23/2016,414.73999,16210672
3/24/2016,415.709991,14431200
3/25/2016,416.51001,11696306
3/26/2016,424.570007,26137150
3/27/2016,422.209991,18410749
3/28/2016,415,28765857
3/29/2016,412.440002,17890792
3/30/2016,415.660004,17407273
3/31/2016,415.640015,15852511
4/1/2016,418.51001,13137339
4/2/2016,419.059998,9591214
4/3/2016,419.329987,14031939
4/4/2016,422.070007,17260368
4/5/2016,421.26001,13836754
4/6/2016,420.140015,15200495
4/7/2016,417.690002,19810838
4/8/2016,418.049988,12291880
4/9/2016,420.25,9806327
4/10/2016,421.429993,15374195
4/11/2016,424.73999,24580503
4/12/2016,423.470001,16183793
4/13/2016,424.019989,13038970
4/14/2016,428.670013,23214560
4/15/2016,430.049988,12517265
4/16/2016,426.26001,10980868
4/17/2016,427.690002,13951524
4/18/2016,434.920013,19713466
4/19/2016,441.160004,32655415
4/20/2016,449.339996,28168774
4/21/2016,445.279999,22225157
4/22/2016,450.079987,18998211
4/23/2016,457.559998,33984269
4/24/2016,461.730011,37614684
4/25/2016,466,31451239
4/26/2016,447.01001,41539684
4/27/2016,448.480011,36369788
4/28/2016,454.980011,20264761
4/29/2016,448.529999,15994805
4/30/2016,452.23999,9838490
5/1/2016,444.179993,32863011
5/2/2016,450.269989,22292253
5/3/2016,445.799988,17676609
5/4/2016,448.079987,18765369
5/5/2016,459.559998,31122708
5/6/2016,458.459991,14247601
5/7/2016,457.869995,12689581
5/8/2016,460.440002,22322043
5/9/2016,449.359985,27247925
5/10/2016,452.5,18137209
5/11/2016,454.429993,22252919
5/12/2016,455.410004,14768796
5/13/2016,456.440002,9319128
5/14/2016,458.109985,9745309
5/15/2016,454.869995,16731954
5/16/2016,453.25,15741822
5/17/2016,454.220001,14884550
5/18/2016,442.660004,26626097
5/19/2016,442.109985,21415312
5/20/2016,443.640015,10213550
5/21/2016,439.619995,12691382
5/22/2016,443.690002,15885933
5/23/2016,446.109985,14837671
5/24/2016,449.779999,16954105
5/25/2016,453.299988,17093327
5/26/2016,474.049988,63894987
5/27/2016,524.219971,75400711
5/28/2016,516.049988,80753301
5/29/2016,532.26001,41433165
5/30/2016,528.919983,60896411
5/31/2016,537.400024,38742660
6/1/2016,537.099976,28380698
6/2/2016,567.030029,59464310
6/3/2016,571.950012,50353517
6/4/2016,574.909973,37233994
6/5/2016,583.580017,37131086
6/6/2016,575.580017,49082472
6/7/2016,580.51001,28706216
6/8/2016,574.690002,28010575
6/9/2016,577.890015,26290866
6/10/2016,591.599976,24790441
6/11/2016,666.549988,139684630
6/12/2016,700.070007,149442548
6/13/2016,685.140015,92458349
6/14/2016,690.77002,53863568
6/15/2016,761.210022,169704647
6/16/2016,743.900024,160302360
6/17/2016,753.77002,91056993
6/18/2016,761.039978,45805980
6/19/2016,733.969971,83637617
6/20/2016,667.380005,166828425
6/21/2016,590.559998,129550795
6/22/2016,620.840027,154289129
6/23/2016,656.890015,128990817
6/24/2016,663.52002,67442141
6/25/2016,625.409973,56403088
6/26/2016,644.659973,63747137
6/27/2016,644.890015,49673830
6/28/2016,636.539978,50898093
6/29/2016,670.02002,58215062
6/30/2016,674.570007,62394480
7/1/2016,698.059998,46555796
7/2/2016,661.640015,66591456
7/3/2016,675.159973,42756935
7/4/2016,663.669983,36687264
7/5/2016,672.700012,31708100
7/6/2016,635.25,97639342
7/7/2016,662.780029,49243011
7/8/2016,651.830017,62061207
7/9/2016,647.109985,18955766
7/10/2016,646.710022,29925667
7/11/2016,670.559998,44047499
7/12/2016,661.150024,41791464
7/13/2016,657.25,31748496
7/14/2016,664.200012,23817856
7/15/2016,660.690002,13557557
7/16/2016,676.330017,31614610
7/17/2016,670.380005,28810844
7/18/2016,671.099976,20401885
7/19/2016,664.400024,25075066
7/20/2016,664.619995,21351309
7/21/2016,651.109985,43283429
7/22/2016,655.159973,19544654
7/23/2016,659.289978,19642346
7/24/2016,654,22564554
7/25/2016,654.380005,32177578
7/26/2016,654.539978,19568531
7/27/2016,654.130005,18452583
7/28/2016,655.429993,17757920
7/29/2016,654.73999,12721755
7/30/2016,621.869995,39918066
7/31/2016,607,41229298
8/1/2016,513.429993,75338595
8/2/2016,566.440002,47170751
8/3/2016,576.219971,25725471
8/4/2016,574.659973,15992890
8/5/2016,586.450012,14676841
8/6/2016,590.849976,15491523
8/7/2016,589.23999,14726811
8/8/2016,585.25,15304277
8/9/2016,590.940002,29376783
8/10/2016,587.840027,23640952
8/11/2016,587.140015,15009452
8/12/2016,584.590027,11357750
8/13/2016,569.059998,18970094
8/14/2016,566.950012,19218972
8/15/2016,580.190002,21634083
8/16/2016,572.340027,18886741
8/17/2016,573.390015,17509679
8/18/2016,574.559998,14701426
8/19/2016,582.609985,13416843
8/20/2016,580.659973,8294321
8/21/2016,587.469971,19658058
8/22/2016,583.559998,18772369
8/23/2016,579.659973,16337141
8/24/2016,577.960022,18885349
8/25/2016,579.369995,12329289
8/26/2016,570.349976,10747219
8/27/2016,574.97998,7377921
8/28/2016,574.22998,13760854
8/29/2016,577.320007,15895354
8/30/2016,573.880005,14338795
8/31/2016,571.98999,14860164
9/1/2016,575.289978,15315755
9/2/2016,598.840027,21055514
9/3/2016,609.549988,18646011
9/4/2016,605.76001,15369832
9/5/2016,610.440002,14864563
9/6/2016,613.210022,18429525
9/7/2016,625.570007,22710390
9/8/2016,623.159973,17710151
9/9/2016,624.52002,9600113
9/10/2016,605.609985,22467346
9/11/2016,607.97998,17058938
9/12/2016,608.609985,16850869
9/13/2016,609.539978,14878860
9/14/2016,608.109985,13892193
9/15/2016,607.780029,13353736
9/16/2016,607.080017,9724490
9/17/2016,610.700012,10004923
9/18/2016,609.849976,12981851
9/19/2016,609.23999,13809380
9/20/2016,597.159973,22059386
9/21/2016,595.630005,13463966
9/22/2016,602.919983,15567036
9/23/2016,602.590027,8196210
9/24/2016,601.48999,8038079
9/25/2016,606.539978,16700407
9/26/2016,605.469971,15534315
9/27/2016,604.669983,11485005
9/28/2016,604.700012,15403975
9/29/2016,608.140015,14534745
9/30/2016,613.409973,10415543
10/1/2016,610.690002,10096653
10/2/2016,611.599976,13462741
10/3/2016,608.960022,15300692
10/4/2016,611.820007,14360536
10/5/2016,610.969971,13276337
10/6/2016,616.030029,20167399
10/7/2016,617.650024,8467434
10/8/2016,615.77002,8320759
10/9/2016,617.289978,15597892
10/10/2016,640.450012,35367127
10/11/2016,635.98999,17240000
10/12/2016,635.599976,16387361
10/13/2016,637.919983,20114873
10/14/2016,637.030029,7970927
10/15/2016,640.119995,8306925
10/16/2016,637.369995,17742610
10/17/2016,635.340027,15725013
10/18/2016,629.059998,22379197
10/19/2016,628.340027,13252110
10/20/2016,630.450012,17836383
10/21/2016,655.47998,24154228
10/22/2016,653.030029,14418212
10/23/2016,650.48999,21726106
10/24/2016,651,24179462
10/25/2016,674.669983,31949607
10/26/2016,682.299988,31862181
10/27/2016,686.23999,26829414
10/28/2016,714.950012,38351348
10/29/2016,697.27002,27793236
10/30/2016,698.669983,26687188
10/31/2016,726.76001,49453950
11/1/2016,733.51001,28452232
11/2/2016,684.869995,69067917
11/3/2016,702.080017,33762721
11/4/2016,702.109985,15554565
11/5/2016,709.909973,18363567
11/6/2016,705.400024,21797370
11/7/2016,710.900024,28262235
11/8/2016,721.419983,51548567
11/9/2016,714.570007,23931322
11/10/2016,714.969971,18386841
11/11/2016,704.27002,19677656
11/12/2016,701.969971,25249834
11/13/2016,704.559998,26613445
11/14/2016,711.099976,29562740
11/15/2016,740.280029,58304902
11/16/2016,737.530029,46942756
11/17/2016,746.960022,29666065
11/18/2016,747.890015,19276573
11/19/2016,728.51001,34876785
11/20/2016,736.190002,24010681
11/21/2016,749.340027,33225195
11/22/2016,741.070007,28258203
11/23/2016,735.309998,27531777
11/24/2016,740.390015,21299510
11/25/2016,734.140015,16682481
11/26/2016,729.419983,15735824
11/27/2016,733.299988,25153838
11/28/2016,732.559998,24030304
11/29/2016,742.48999,29210351
11/30/2016,752.630005,40690942
12/1/2016,770.940002,48893613
12/2/2016,764.23999,30234128
12/3/2016,766.390015,14755120
12/4/2016,754.340027,39082688
12/5/2016,758.210022,25497771
12/6/2016,765.559998,26755412
12/7/2016,768.48999,22208497
12/8/2016,770.47998,18722048
12/9/2016,774,14049110
12/10/2016,767.909973,13269086
12/11/2016,778.469971,22442991
12/12/2016,778.73999,25894856
12/13/2016,776.5,19326375
12/14/2016,775.210022,20452116
12/15/2016,782.049988,21650384
12/16/2016,787.169983,18648778
12/17/2016,789.01001,11525747
12/18/2016,789.789978,20238681
12/19/2016,799.099976,27406319
12/20/2016,829.210022,53411082
12/21/2016,860.150024,60511618
12/22/2016,917.169983,91802931
12/23/2016,891.070007,41576781
12/24/2016,891.070007,37173377
12/25/2016,898.380005,35002753
12/26/2016,925.780029,45966615
12/27/2016,972.169983,73811803
12/28/2016,971.080017,59226667
12/29/2016,959.039978,67449149
12/30/2016,963.380005,26379401
12/31/2016,995.440002,40570922
1/1/2017,1017.049988,66038073
1/2/2017,1033.300049,56085870
1/3/2017,1135.410034,170584623
1/4/2017,989.349976,244839289
1/5/2017,886.159973,179160668
1/6/2017,888.869995,113037531
1/7/2017,900.859985,70298340
1/8/2017,899.780029,55963281
1/9/2017,904.369995,48644106
1/10/2017,785.429993,160194109
1/11/2017,810.109985,93986701
1/12/2017,824.830017,72555875
1/13/2017,819.630005,36594482
1/14/2017,821.169983,20004735
1/15/2017,827.340027,27592899
1/16/2017,899.659973,72272727
1/17/2017,872.030029,61042392
1/18/2017,895.210022,52300814
1/19/2017,892.909973,34847130
1/20/2017,919.840027,37129176
1/21/2017,918.840027,44074299
1/22/2017,921.460022,30261054
1/23/2017,893.75,53468911
1/24/2017,894.409973,34014866
1/25/2017,915.559998,30795685
1/26/2017,918.01001,28503144
1/27/2017,918.51001,13251844
1/28/2017,914.549988,10214368
1/29/2017,920.72998,17604172
1/30/2017,965.48999,51869216
1/31/2017,982.429993,44035816
2/1/2017,1003.969971,50633910
2/2/2017,1013.02002,62431017
2/3/2017,1031.849976,40406542
2/4/2017,1016.109985,31669956
2/5/2017,1024.670044,32828350
2/6/2017,1049.560059,41318349
2/7/2017,1055.48999,68336320
2/8/2017,978.960022,145839317
2/9/2017,997.609985,60639111
2/10/2017,1008.320007,28504495
2/11/2017,996.52002,14825023
2/12/2017,995.359985,32785064
2/13/2017,1008.340027,39810076
2/14/2017,1008.190002,23569549
2/15/2017,1031.930054,39114743
2/16/2017,1049.410034,47815360
2/17/2017,1052.280029,26856521
2/18/2017,1048.890015,18876881
2/19/2017,1077.560059,32959720
2/20/2017,1119.030029,62908569
2/21/2017,1120.459961,53647453
2/22/2017,1171.910034,75663167
2/23/2017,1176.48999,126978010
2/24/2017,1149.050049,53003830
2/25/2017,1171.579956,35750258
2/26/2017,1188.829956,42035366
2/27/2017,1189.27002,60371869
2/28/2017,1222.660034,61964760
3/1/2017,1255.469971,98040639
3/2/2017,1283.300049,85876262
3/3/2017,1264.319946,48597934
3/4/2017,1271.219971,32104972
3/5/2017,1277.01001,39591110
3/6/2017,1232.689941,108673876
3/7/2017,1146.969971,116342973
3/8/2017,1191.329956,70427061
3/9/2017,1112.390015,223836041
3/10/2017,1179.219971,82387198
3/11/2017,1225.109985,53441762
3/12/2017,1238.189941,74376298
3/13/2017,1243.140015,56058617
3/14/2017,1253.430054,54486699
3/15/2017,1172.880005,159409024
3/16/2017,1071.709961,183879768
3/17/2017,971.380005,212772055
3/18/2017,1022.599976,108128237
3/19/2017,1047.51001,63833143
3/20/2017,1121.290039,101051998
3/21/2017,1044.719971,120730492
3/22/2017,1035.030029,58898141
3/23/2017,939.700012,130042865
3/24/2017,966.299988,118395054
3/25/2017,969.440002,83255983
3/26/2017,1045.140015,92332221
3/27/2017,1044.420044,83567551
3/28/2017,1041.900024,71261535
3/29/2017,1037.910034,77633883
3/30/2017,1079.109985,96543920
3/31/2017,1086.119995,55020078
4/1/2017,1097.400024,77853933
4/2/2017,1147.560059,111870807
4/3/2017,1141.77002,81164094
4/4/2017,1129.869995,78335573
4/5/2017,1188.699951,108182158
4/6/2017,1190.48999,71184485
4/7/2017,1180.780029,39393003
4/8/2017,1204.339966,54498333
4/9/2017,1206.709961,48473680
4/10/2017,1220.73999,45563707
4/11/2017,1212.530029,54699396
4/12/2017,1176.199951,78456422
4/13/2017,1177.329956,56129576
4/14/2017,1176.98999,33877537
4/15/2017,1176.800049,22538918
4/16/2017,1194.01001,56095607
4/17/2017,1206.089966,64900219
4/18/2017,1215.199951,53034357
4/19/2017,1238.089966,69223360
4/20/2017,1249.640015,52498296
4/21/2017,1240.890015,55776932
4/22/2017,1249.140015,54224355
4/23/2017,1248.180054,49281629
4/24/2017,1264.310059,56659016
4/25/2017,1286.630005,77649710
4/26/2017,1332.910034,83319636
4/27/2017,1329.619995,104536476
4/28/2017,1336.280029,55982468
4/29/2017,1351.910034,55470285
4/30/2017,1415.810059,144414038
5/1/2017,1445.930054,103342244
5/2/2017,1485.550049,122551707
5/3/2017,1516.76001,213084949
5/4/2017,1507.77002,188015771
5/5/2017,1545.290039,92747185
5/6/2017,1554.449951,111708072
5/7/2017,1664.469971,174687869
5/8/2017,1697.5,219169486
5/9/2017,1752.310059,156203600
5/10/2017,1819.290039,198829123
5/11/2017,1686.390015,192159873
5/12/2017,1763.73999,128390095
5/13/2017,1772.550049,72874378
5/14/2017,1708.920044,138499150
5/15/2017,1729.339966,130379207
5/16/2017,1801.300049,170954154
5/17/2017,1880.98999,135901905
5/18/2017,1962,191523926
5/19/2017,2040.180054,179346919
5/20/2017,2044.189941,161036810
5/21/2017,2124.409912,373482496
5/22/2017,2272.580078,251969081
5/23/2017,2445.280029,353734030
5/24/2017,2307.219971,622139030
5/25/2017,2244.889893,441342711
5/26/2017,2052.429932,446034004
5/27/2017,2189.02002,266766116
5/28/2017,2278.209961,204101576
5/29/2017,2192.550049,270069146
5/30/2017,2303.340088,261223035
5/31/2017,2412.649902,290070431
6/1/2017,2492.600098,199765372
6/2/2017,2545.429932,177168595
6/3/2017,2524.060059,149060810
6/4/2017,2704.959961,225611887
6/5/2017,2870.5,538772473
6/6/2017,2691.51001,340329903
6/7/2017,2798.780029,260898606
6/8/2017,2811.429932,189237110
6/9/2017,2900.25,246869682
6/10/2017,2973.449951,241516660
6/11/2017,2656.77002,585158909
6/12/2017,2712.98999,314476276
6/13/2017,2467.27002,448294279
6/14/2017,2442.459961,606264366
6/15/2017,2508.580078,286630757
6/16/2017,2655.100098,246698591
6/17/2017,2539.560059,235239296
6/18/2017,2616.820068,210372750
6/19/2017,2754.379883,300034010
6/20/2017,2677.620117,313234721
6/21/2017,2722.840088,210318780
6/22/2017,2710.370117,155303414
6/23/2017,2590.050049,228007287
6/24/2017,2541.620117,220679135
6/25/2017,2446.050049,401912134
6/26/2017,2583.75,381517099
6/27/2017,2577.73999,279792448
6/28/2017,2558.370117,191733499
6/29/2017,2480.610107,183878856
6/30/2017,2424.610107,160661673
7/1/2017,2536.459961,165839565
7/2/2017,2572.469971,212244951
7/3/2017,2617.320068,210433639
7/4/2017,2627.860107,232257106
7/5/2017,2614.23999,156558009
7/6/2017,2513.879883,229168229
7/7/2017,2564.860107,136973389
7/8/2017,2511.429932,99506518
7/9/2017,2344.02002,297270301
7/10/2017,2324.290039,341998621
7/11/2017,2403.090088,257095280
7/12/2017,2362.439941,208630220
7/13/2017,2234.169922,257704533
7/14/2017,1975.079956,320719096
7/15/2017,1914.089966,364287861
7/16/2017,2233.389893,368366495
7/17/2017,2320.22998,465220151
7/18/2017,2282.580078,357639189
7/19/2017,2866.02002,807416890
7/20/2017,2675.080078,529154789
7/21/2017,2836.530029,341992860
7/22/2017,2756.610107,299869260
7/23/2017,2763.419922,229047365
7/24/2017,2582.580078,534765380
7/25/2017,2559.209961,340465234
7/26/2017,2691.879883,269880857
7/27/2017,2806.75,383479795
7/28/2017,2733.5,230818894
7/29/2017,2766.48999,222933516
7/30/2017,2883.27002,254836601
7/31/2017,2746.98999,341216428
8/1/2017,2720.530029,222534344
8/2/2017,2809.98999,188517085
8/3/2017,2878.48999,195800289
8/4/2017,3262.800049,503737620
8/5/2017,3232.030029,196484496
8/6/2017,3401.909912,294021645
8/7/2017,3429.379883,366169429
8/8/2017,3348.790039,324058681
8/9/2017,3425.669922,242024460
8/10/2017,3654.370117,345135492
8/11/2017,3871.620117,469532325
8/12/2017,4062.600098,638917500
8/13/2017,4327.939941,540927757
8/14/2017,4161.660156,872840682
8/15/2017,4387.399902,472960334
8/16/2017,4278.919922,554232802
8/17/2017,4105.370117,603898315
8/18/2017,4150.450195,462723151
8/19/2017,4066.600098,288193446
8/20/2017,4005.100098,365174045
8/21/2017,4089.699951,659657838
8/22/2017,4141.089844,402340258
8/23/2017,4318.350098,305373477
8/24/2017,4364.410156,362283252
8/25/2017,4352.299805,199403922
8/26/2017,4345.75,185180843
8/27/2017,4390.310059,325285703
8/28/2017,4597.310059,455467850
8/29/2017,4583.02002,313466398
8/30/2017,4735.109863,338981145
8/31/2017,4921.850098,491140364
9/1/2017,4573.799805,747713818
9/2/2017,4612.919922,470135795
9/3/2017,4267.450195,737216060
9/4/2017,4409.080078,673846827
9/5/2017,4618.709961,504717245
9/6/2017,4635.600098,324939872
9/7/2017,4326.450195,786819863
9/8/2017,4335.129883,332195251
9/9/2017,4245.890137,451244396
9/10/2017,4217.899902,375254125
9/11/2017,4158.919922,453402207
9/12/2017,3870.290039,728385231
9/13/2017,3243.080078,1118258889
9/14/2017,3713.76001,1519153953
9/15/2017,3698.919922,627559216
9/16/2017,3689.610107,351250484
9/17/2017,4100.279785,586938661
9/18/2017,3907.959961,488897829
9/19/2017,3882.159912,342438072
9/20/2017,3617.27002,543570164
9/21/2017,3600.830078,414612501
9/22/2017,3788.02002,253370774
9/23/2017,3667.52002,183852135
9/24/2017,3932.830078,386674961
9/25/2017,3892.699951,248481868
9/26/2017,4212.200195,480358673
9/27/2017,4195.649902,386909537
9/28/2017,4172.790039,404599756
9/29/2017,4360.620117,290796939
9/30/2017,4403.089844,262485153
10/1/2017,4401.319824,314621927
10/2/2017,4314.180176,353046057
10/3/2017,4218.660156,272424730
10/4/2017,4321.439941,271914958
10/5/2017,4371.939941,269878225
10/6/2017,4435.810059,176332039
10/7/2017,4611.700195,323063950
10/8/2017,4777.490234,518586828
10/9/2017,4763.359863,475717720
10/10/2017,4824.200195,338533507
10/11/2017,5432.620117,848641969
10/12/2017,5637.259766,1211469140
10/13/2017,5824.709961,434406119
10/14/2017,5688.140137,571166215
10/15/2017,5759.330078,349154669
10/16/2017,5598.580078,368658284
10/17/2017,5575.830078,654722509
10/18/2017,5698.649902,469774559
10/19/2017,5993.109863,729487923
10/20/2017,6006.649902,684989667
10/21/2017,5982.859863,618893096
10/22/2017,5903.609863,801148315
10/23/2017,5513.080078,811951129
10/24/2017,5734,585738379
10/25/2017,5887.609863,547664553
10/26/2017,5764.560059,488283724
10/27/2017,5726.609863,305611140
10/28/2017,6147.52002,966990808
10/29/2017,6124.279785,481600502
10/30/2017,6451.240234,637838767
10/31/2017,6737.779785,869798619
11/1/2017,7024.810059,1663170039
11/2/2017,7152.120117,1120978013
11/3/2017,7363.799805,773371754
11/4/2017,7389.549805,789287755
11/5/2017,6959.22998,1148125488
11/6/2017,7102.75,716798409
11/7/2017,7444.359863,1632547465
11/8/2017,7129.589844,915963933
11/9/2017,6565.799805,1513421266
11/10/2017,6339.859863,878096915
11/11/2017,5878.129883,1629165385
11/12/2017,6522.450195,1135256036
11/13/2017,6597.060059,634604991
11/14/2017,7283.220215,922959468
11/15/2017,7853.680176,1010130763
11/16/2017,7699.950195,917599923
11/17/2017,7780.910156,571121111
11/18/2017,8042.640137,541391321
11/19/2017,8244.69043,617354329
11/20/2017,8099.970215,938345413
11/21/2017,8234.549805,539697375
11/22/2017,8013.410156,555465146
11/23/2017,8200.799805,595710405
11/24/2017,8754.69043,718483679
11/25/2017,9318.419922,782499976
11/26/2017,9733.200195,1025175619
11/27/2017,9906.040039,865328615
11/28/2017,9837.860352,2418792360
11/29/2017,9946.759766,1836210107
11/30/2017,10861.46973,1353669597
12/1/2017,10912.73047,950474241
12/2/2017,11246.20996,1380012064
12/3/2017,11623.91016,1057859226
12/4/2017,11667.12988,1048839303
12/5/2017,13749.57031,2437037791
12/6/2017,16850.31055,4510225316
12/7/2017,16047.61035,4546014731
12/8/2017,14843.41992,2699876215
12/9/2017,15059.59961,2904037859
12/10/2017,16732.4707,2634267594
12/11/2017,17083.90039,2246138895
12/12/2017,16286.82031,2576055941
12/13/2017,16467.91016,1773813863
12/14/2017,17604.84961,2682351213
12/15/2017,19345.49023,2078806368
12/16/2017,19065.71094,2264650369
12/17/2017,18972.32031,2597510049
12/18/2017,17523.69922,3136709262
12/19/2017,16461.9707,3791752510
12/20/2017,15632.12012,2619295475
12/21/2017,13664.96973,6245731508
12/22/2017,14396.45996,2491903154
12/23/2017,13789.9502,2428437693
12/24/2017,13833.49023,1487888106
12/25/2017,15756.55957,2198577125
12/26/2017,15416.63965,2162831128
12/27/2017,14398.7002,2425912717
12/28/2017,14392.57031,1733583750
12/29/2017,12531.51953,2387311023
12/30/2017,13850.40039,1492142483
12/31/2017,13444.87988,1057521524
1/1/2018,14754.12988,1956783037
1/2/2018,15156.62012,1604206990
1/3/2018,15180.08008,1656714736
1/4/2018,16954.7793,2283988962
1/5/2018,17172.30078,1412703790
1/6/2018,16228.16016,1309532650
1/7/2018,14976.16992,2166366561
1/8/2018,14468.5,1486802326
1/9/2018,14919.49023,2025083791
1/10/2018,13308.05957,2373494121
1/11/2018,13841.19043,1402292716
1/12/2018,14243.12012,1021352776
1/13/2018,13638.62988,1112590573
1/14/2018,13631.98047,1170462750
1/15/2018,11282.49023,3842651741
1/16/2018,11162.7002,3666978316
1/17/2018,11175.51953,2357251805
1/18/2018,11521.75977,1264875700
1/19/2018,12783.94043,1492721765
1/20/2018,11549.92969,1552755289
1/21/2018,10814.51953,1811992345
1/22/2018,10858.23047,1710180828
1/23/2018,11429.01953,1286435482
1/24/2018,11175.87012,1061064251
1/25/2018,11104.2002,1560135332
1/26/2018,11459.70996,1031091633
1/27/2018,11767.74023,1038153169
1/28/2018,11233.9502,920836244
1/29/2018,10107.25977,1720894077
1/30/2018,10226.86035,1230902973
1/31/2018,9114.719727,1964308989
2/1/2018,8870.820313,2768759876
2/2/2018,9251.269531,1253484523
2/3/2018,8218.049805,1413207410
2/4/2018,6937.080078,2534149181
2/5/2018,7701.25,3397596513
2/6/2018,7592.720215,2159765331
2/7/2018,8260.69043,1594673973
2/8/2018,8696.830078,1348072086
2/9/2018,8569.290039,1348923336
2/10/2018,8084.609863,1013771945
2/11/2018,8911.269531,1085921871
2/12/2018,8544.69043,853320352
2/13/2018,9485.639648,1220863360
2/14/2018,10033.75,1666668487
2/15/2018,10188.73047,1061827697
2/16/2018,11097.20996,1327921168
2/17/2018,10417.23047,1659704217
2/18/2018,11182.28027,1186535653
2/19/2018,11256.42969,1640343867
2/20/2018,10481.66016,1982721124
2/21/2018,9847.959961,1795951829
2/22/2018,10175.50977,1399448203
2/23/2018,9705.730469,1244484468
2/24/2018,9610.110352,793093192
2/25/2018,10326.5,1181729273
2/26/2018,10594.75977,1060840699
2/27/2018,10334.44043,1126074675
2/28/2018,10929.37012,952472120
3/1/2018,11043.12012,852908489
3/2/2018,11465.36035,812200126
3/3/2018,11504.41992,690727335
3/4/2018,11440.73047,791471905
3/5/2018,10735.4502,1210081181
3/6/2018,9928.55957,1858869115
3/7/2018,9316.719727,1492236089
3/8/2018,9252.759766,2081621422
3/9/2018,8797.269531,1084925795
3/10/2018,9544.839844,1374814644
3/11/2018,9142.150391,1435404200
3/12/2018,9160.120117,1228556284
3/13/2018,8217.700195,1385572511
3/14/2018,8268.410156,1519850464
3/15/2018,8283.230469,1082790136
3/16/2018,7883.450195,901939422
3/17/2018,8215.400391,1535519444
3/18/2018,8623.139648,1447812723
3/19/2018,8920.709961,1150462439
3/20/2018,8911.349609,991376396
3/21/2018,8724.980469,1023286566
3/22/2018,8934.799805,939997284
3/23/2018,8548.05957,827663165
3/24/2018,8472.839844,657643520
3/25/2018,8152.200195,1079038734
3/26/2018,7808.47998,930754990
3/27/2018,7959.779785,657712114
3/28/2018,7106.620117,1379180030
3/29/2018,6853.759766,1584675343
3/30/2018,6943.77002,915400590
3/31/2018,6835.839844,889887684
4/1/2018,7074.600098,748861435
4/2/2018,7434.299805,905326798
4/3/2018,6815.5,877199782
4/4/2018,6790.450195,777145174
4/5/2018,6634.859863,605651287
4/6/2018,6917.200195,564883141
4/7/2018,7049.919922,425825572
4/8/2018,6789.529785,901883664
4/9/2018,6871.069824,424510977
4/10/2018,6977.129883,450141340
4/11/2018,7927.72998,1490759969
4/12/2018,7899.109863,1171435820
4/13/2018,8022.509766,537286381
4/14/2018,8376.730469,570527804
4/15/2018,8079.77002,713471956
