Ethereum,Ethereum,Ethereum
Date,Price,Volume
8/6/2015,3,371
8/7/2015,1.2,1438
8/8/2015,1.2,0
8/9/2015,1.2,0
8/10/2015,0.99,7419
8/11/2015,1.29,2376
8/12/2015,1.88,4923
8/13/2015,1.79,11070
8/14/2015,1.79,14812
8/15/2015,1.37,10794
8/16/2015,1.3,6063
8/17/2015,1.36,2867
8/18/2015,1.24,4769
8/19/2015,1.52,1771
8/20/2015,1.44,9197
8/21/2015,1.4,321
8/22/2015,1.35,438
8/23/2015,1.24,6460
8/24/2015,1.27,1188
8/25/2015,1.18,2337
8/26/2015,1.14,269
8/27/2015,1.3,26922
8/28/2015,1.18,383
8/29/2015,1.32,10975
8/30/2015,1.31,3959
8/31/2015,1.36,1220
9/1/2015,1.14,698
9/2/2015,1.23,3717
9/3/2015,1.35,18
9/4/2015,1.37,10437
9/5/2015,1.34,145
9/6/2015,1.28,526
9/7/2015,1.26,103
9/8/2015,1.21,27
9/9/2015,1.19,3361
9/10/2015,0.9242,3066
9/11/2015,1.15,513
9/12/2015,0.8856,3817
9/13/2015,0.955,805
9/14/2015,0.95,2273
9/15/2015,0.9363,47
9/16/2015,0.875,129
9/17/2015,0.8523,593
9/18/2015,0.89,3
9/19/2015,0.8871,12
9/20/2015,0.9412,171
9/21/2015,0.8059,175
9/22/2015,0.91,13
9/23/2015,0.8,568
9/24/2015,0.6823,2184
9/25/2015,0.7703,58
9/26/2015,0.7008,10
9/27/2015,0.6,3491
9/28/2015,0.6816,11590
9/29/2015,0.7137,529
9/30/2015,0.6548,457
10/1/2015,0.6647,266
10/2/2015,0.6796,34
10/3/2015,0.6095,533
10/4/2015,0.6078,35
10/5/2015,0.6511,15
10/6/2015,0.6,1236
10/7/2015,0.62,3673
10/8/2015,0.6352,1298
10/9/2015,0.6351,0
10/10/2015,0.5993,8
10/11/2015,0.63,13
10/12/2015,0.6017,471
10/13/2015,0.5,1538
10/14/2015,0.56,128
10/15/2015,0.525,210
10/16/2015,0.523,855
10/17/2015,0.505,534
10/18/2015,0.5,780
10/19/2015,0.44,682
10/20/2015,0.42,707
10/21/2015,0.609,1759
10/22/2015,0.5649,2166
10/23/2015,0.5561,156
10/24/2015,0.62,902
10/25/2015,0.706,1190
10/26/2015,0.83,1738
10/27/2015,0.99,4611
10/28/2015,1.12,4937
10/29/2015,1.14,4346
10/30/2015,0.8676,804
10/31/2015,0.99,176
11/1/2015,0.9878,7192
11/2/2015,1.06,6124
11/3/2015,0.799,5189
11/4/2015,0.8764,1078
11/5/2015,0.9899,3121
11/6/2015,0.93,1195
11/7/2015,1,3067
11/8/2015,0.998,8903
11/9/2015,0.9,7531
11/10/2015,0.75,9539
11/11/2015,0.88,2032
11/12/2015,0.9,1625
11/13/2015,0.88,469
11/14/2015,0.9193,770
11/15/2015,0.925,2699
11/16/2015,1,9189
11/17/2015,0.9973,3299
11/18/2015,0.94,1221
11/19/2015,0.92,154
11/20/2015,0.96,378
11/21/2015,0.97,236
11/22/2015,0.92,775
11/23/2015,0.91,544
11/24/2015,0.87,2775
11/25/2015,0.86,4777
11/26/2015,0.88,719
11/27/2015,0.91,968
11/28/2015,0.87,2380
11/29/2015,0.88,394
11/30/2015,0.87,2502
12/1/2015,0.82,3243
12/2/2015,0.83,905
12/3/2015,0.84,527
12/4/2015,0.8699,785
12/5/2015,0.825,765
12/6/2015,0.79,1325
12/7/2015,0.8102,5379
12/8/2015,0.8051,7556
12/9/2015,0.8437,5897
12/10/2015,0.8998,5965
12/11/2015,0.96,5089
12/12/2015,0.9199,980
12/13/2015,0.99,4533
12/14/2015,1,8124
12/15/2015,0.803,5846
12/16/2015,0.94,576
12/17/2015,0.9,376
12/18/2015,0.8935,2153
12/19/2015,1.07,1380
12/20/2015,0.91,2543
12/21/2015,0.88,6918
12/22/2015,0.8709,498
12/23/2015,0.87,1216
12/24/2015,0.88,313
12/25/2015,0.853,2673
12/26/2015,0.918,1168
12/27/2015,0.8749,3616
12/28/2015,0.86,458
12/29/2015,0.8925,3942
12/30/2015,0.9488,766
12/31/2015,0.92,43
1/1/2016,0.9547,68
1/2/2016,0.96,485
1/3/2016,0.95,787
1/4/2016,0.9426,735
1/5/2016,0.95,1053
1/6/2016,0.94,1618
1/7/2016,0.985,6900
1/8/2016,0.985,3030
1/9/2016,1,1681
1/10/2016,1.08,8945
1/11/2016,1.22,27407
1/12/2016,1.14,9029
1/13/2016,1.16,2056
1/14/2016,1.2,8843
1/15/2016,1.22,8316
1/16/2016,1.31,2321
1/17/2016,1.47,49371
1/18/2016,1.22,4079
1/19/2016,1.54,7820
1/20/2016,1.54,39665
1/21/2016,1.52,11707
1/22/2016,2.03,50006
1/23/2016,2.1,130458
1/24/2016,2.5,52226
1/25/2016,2.3,117514
1/26/2016,2.42,39261
1/27/2016,2.55,15510
1/28/2016,2.41,67942
1/29/2016,2.44,8531
1/30/2016,2.2,39324
1/31/2016,2.17,27808
2/1/2016,2.45,20326
2/2/2016,2.53,16849
2/3/2016,2.57,37881
2/4/2016,2.56,26847
2/5/2016,2.53,14564
2/6/2016,3,50607
2/7/2016,3.16,68693
2/8/2016,3.76,112281
2/9/2016,4.35,420132
2/10/2016,6.38,237406
2/11/2016,5.27,329698
2/12/2016,5.22,309173
2/13/2016,5.2,105581
2/14/2016,5.22,157021
2/15/2016,4.25,149224
2/16/2016,3.86,194919
2/17/2016,4.36,160004
2/18/2016,4.45,67845
2/19/2016,4.37,59998
2/20/2016,4.63,96725
2/21/2016,5.6,184739
2/22/2016,5.7,167226
2/23/2016,6.23,203972
2/24/2016,5.93,301845
2/25/2016,6.03,94076
2/26/2016,6.31,190116
2/27/2016,6.5,88226
2/28/2016,6.35,104433
2/29/2016,7.59,429220
3/1/2016,8.7,467357
3/2/2016,9.35,862559
3/3/2016,9.96,908225
3/4/2016,11,1726260
3/5/2016,10.98,845841
3/6/2016,9.5,732233
3/7/2016,9.88,592001
3/8/2016,11.55,568223
3/9/2016,11.11,749105
3/10/2016,11.25,332692
3/11/2016,13.25,1669862
3/12/2016,15,1539173
3/13/2016,12.5,1909296
3/14/2016,13.09,978794
3/15/2016,12.92,593048
3/16/2016,11.14,1442272
3/17/2016,10.75,1629668
3/18/2016,10.55,512234
3/19/2016,10.06,469675
3/20/2016,11.97,819534
3/21/2016,10.96,727727
3/22/2016,12.29,654062
3/23/2016,11.13,749565
3/24/2016,10.69,555245
3/25/2016,11,265184
3/26/2016,10.5,465235
3/27/2016,11.58,711407
3/28/2016,11.73,472412
3/29/2016,11.88,644259
3/30/2016,11.41,469619
3/31/2016,11.63,230341
4/1/2016,11.61,109565
4/2/2016,11.58,143804
4/3/2016,11.1,368905
4/4/2016,10.39,848156
4/5/2016,10.79,347894
4/6/2016,10.08,499584
4/7/2016,9.74,345107
4/8/2016,9.16,582928
4/9/2016,8.8,1608160
4/10/2016,8.72,477247
4/11/2016,7.53,656699
4/12/2016,8.02,816613
4/13/2016,8.48,331212
4/14/2016,8.22,182732
4/15/2016,8.48,267873
4/16/2016,9.45,763315
4/17/2016,8.92,588238
4/18/2016,8.77,471842
4/19/2016,8.54,721266
4/20/2016,8.15,357687
4/21/2016,7.83,412692
4/22/2016,8.31,329479
4/23/2016,8,372438
4/24/2016,7.43,786134
4/25/2016,7.5,557777
4/26/2016,7.77,383755
4/27/2016,7.3,283192
4/28/2016,7.51,212926
4/29/2016,8.83,1391614
4/30/2016,8.76,396806
5/1/2016,10.03,1652336
5/2/2016,9.37,846402
5/3/2016,9.43,575918
5/4/2016,9.79,575232
5/5/2016,9.27,741537
5/6/2016,9.3,245436
5/7/2016,9.44,486475
5/8/2016,9.32,401181
5/9/2016,9.39,212391
5/10/2016,9.97,756859
5/11/2016,10.1,1270749
5/12/2016,10.48,1097388
5/13/2016,10.14,754171
5/14/2016,9.94,413310
5/15/2016,11.04,1547748
5/16/2016,12.26,2752386
5/17/2016,13.29,3335939
5/18/2016,14.49,2927687
5/19/2016,13.73,3107344
5/20/2016,13.95,1546478
5/21/2016,14.21,1270263
5/22/2016,13.45,1734447
5/23/2016,12.62,2893203
5/24/2016,12.53,1826871
5/25/2016,12.37,1301320
5/26/2016,11.11,3679168
5/27/2016,11.56,3181224
5/28/2016,12.28,2228732
5/29/2016,12.48,1065248
5/30/2016,13.85,3515815
5/31/2016,13.83,2302485
6/1/2016,13.78,1184334
6/2/2016,13.78,1686482
6/3/2016,13.66,1165878
6/4/2016,13.85,576616
6/5/2016,13.96,913782
6/6/2016,14.41,1831555
6/7/2016,14.44,2132214
6/8/2016,14.49,692699
6/9/2016,13.97,1773836
6/10/2016,14.01,799325
6/11/2016,15.57,4346663
6/12/2016,17.549999,7459518
6/13/2016,18.700001,11077976
6/14/2016,18.299999,3960403
6/15/2016,20.610001,10598002
6/16/2016,15.49,38835782
6/17/2016,11.36,20282268
6/18/2016,12.33,7516494
6/19/2016,11.7,7368783
6/20/2016,12.71,5196251
6/21/2016,13.21,20239842
6/22/2016,13.58,5979901
6/23/2016,14.25,5307462
6/24/2016,14.28,2233332
6/25/2016,13.82,1615035
6/26/2016,14.04,1241424
6/27/2016,12.15,7059267
6/28/2016,12.76,3155698
6/29/2016,12.4,1682614
6/30/2016,12.23,2146235
7/1/2016,12.04,837313
7/2/2016,11.85,1270392
7/3/2016,11.34,1827745
7/4/2016,10.45,6584753
7/5/2016,10.51,2068628
7/6/2016,10.07,1889826
7/7/2016,11.3,3259343
7/8/2016,10.92,2172756
7/9/2016,10.97,542703
7/10/2016,10.58,1754036
7/11/2016,10.54,987728
7/12/2016,10.44,836101
7/13/2016,11.55,3803996
7/14/2016,11.88,5989467
7/15/2016,11.59,1741687
7/16/2016,11.19,4958378
7/17/2016,11.03,2657743
7/18/2016,11.63,4055734
7/19/2016,12.54,11258732
7/20/2016,12.66,5314646
7/21/2016,14.82,14161594
7/22/2016,14.4,7061906
7/23/2016,12.63,13418374
7/24/2016,13.84,5674967
7/25/2016,12.08,10981872
7/26/2016,13.05,5077547
7/27/2016,12.87,3121650
7/28/2016,12.87,2029034
7/29/2016,12.57,2030259
7/30/2016,11.86,3358462
7/31/2016,11.04,3610696
8/1/2016,8.3,10863339
8/2/2016,10.42,4834647
8/3/2016,11.21,2985961
8/4/2016,11.05,1126449
8/5/2016,10.95,1043336
8/6/2016,10.98,1377540
8/7/2016,11.29,2281375
8/8/2016,12.22,4071702
8/9/2016,12.22,5255819
8/10/2016,11.68,3016560
8/11/2016,11.78,2065414
8/12/2016,11.56,1193514
8/13/2016,11.21,1638525
8/14/2016,11.21,1373317
8/15/2016,11.17,1261077
8/16/2016,10.77,2530514
8/17/2016,10.77,1436468
8/18/2016,10.71,977152
8/19/2016,11.28,1576304
8/20/2016,11.14,548398
8/21/2016,11.07,1196884
8/22/2016,11.01,1117682
8/23/2016,11.01,739274
8/24/2016,11.35,1230358
8/25/2016,11.26,847110
8/26/2016,11.19,485209
8/27/2016,10.99,793760
8/28/2016,10.95,1106816
8/29/2016,11.21,967365
8/30/2016,11.55,1283480
8/31/2016,12.21,3084388
9/1/2016,12.08,1731750
9/2/2016,11.85,1552172
9/3/2016,11.71,912660
9/4/2016,11.75,508640
9/5/2016,11.7,870183
9/6/2016,11.59,704039
9/7/2016,11.39,1182869
9/8/2016,11.72,1395640
9/9/2016,12.05,1011883
9/10/2016,11.64,1253034
9/11/2016,11.89,724255
9/12/2016,11.92,3108044
9/13/2016,11.97,1189503
9/14/2016,11.96,1642142
9/15/2016,12.61,2298783
9/16/2016,12.83,874551
9/17/2016,12.39,2999604
9/18/2016,12.93,1570880
9/19/2016,14.72,4649566
9/20/2016,13.72,3597165
9/21/2016,13.11,3037294
9/22/2016,13.36,1001985
9/23/2016,12.91,1202185
9/24/2016,13.05,565459
9/25/2016,12.89,783983
9/26/2016,13.09,1086159
9/27/2016,13.3,1122919
9/28/2016,13.17,878164
9/29/2016,13.24,889551
9/30/2016,13.21,824667
10/1/2016,13.23,631029
10/2/2016,13.45,922433
10/3/2016,13.32,1307651
10/4/2016,13.09,1087377
10/5/2016,12.87,1424912
10/6/2016,12.68,1313504
10/7/2016,12.24,1494626
10/8/2016,12.06,1339556
10/9/2016,11.74,2039638
10/10/2016,11.75,1355534
10/11/2016,11.77,1348844
10/12/2016,12.02,1210242
10/13/2016,11.9,794319
10/14/2016,11.96,625037
10/15/2016,11.93,425194
10/16/2016,11.98,921893
10/17/2016,12.5,2086531
10/18/2016,11.98,1413674
10/19/2016,12.05,884658
10/20/2016,12.07,396002
10/21/2016,12.06,577127
10/22/2016,11.95,500515
10/23/2016,11.93,676684
10/24/2016,11.38,2217209
10/25/2016,11.5,906595
10/26/2016,11.43,1185604
10/27/2016,11.08,1744841
10/28/2016,10.39,3189413
10/29/2016,11.22,1221192
10/30/2016,10.91,1472033
10/31/2016,10.75,2120518
11/1/2016,10.82,1354204
11/2/2016,10.86,1572227
11/3/2016,11.13,884314
11/4/2016,11.11,457396
11/5/2016,10.97,485095
11/6/2016,10.9,782734
11/7/2016,10.86,998744
11/8/2016,10.64,1986925
11/9/2016,10.52,443281
11/10/2016,10.29,775064
11/11/2016,9.96,1155624
11/12/2016,10.13,810621
11/13/2016,10,565262
11/14/2016,10.22,796438
11/15/2016,10.01,1257139
11/16/2016,9.95,1108257
11/17/2016,9.53,1198775
11/18/2016,9.7,664066
11/19/2016,9.57,486220
11/20/2016,9.56,450573
11/21/2016,9.84,1239793
11/22/2016,9.78,456302
11/23/2016,9.22,1867383
11/24/2016,9.39,716441
11/25/2016,9.34,293525
11/26/2016,8.91,1353644
11/27/2016,8.66,883086
11/28/2016,8.18,2178363
11/29/2016,8.59,1370387
11/30/2016,8.44,830842
12/1/2016,7.65,3086902
12/2/2016,7.9,1424715
12/3/2016,7.54,728686
12/4/2016,6.69,2211620
12/5/2016,7.61,4244346
12/6/2016,8.35,1716783
12/7/2016,8.3,1798741
12/8/2016,8.52,1200256
12/9/2016,8.09,862005
12/10/2016,8.2,424995
12/11/2016,8.45,1036639
12/12/2016,8.4,588447
12/13/2016,8.23,572590
12/14/2016,7.76,1657356
12/15/2016,7.85,545242
12/16/2016,7.66,931231
12/17/2016,7.89,596318
12/18/2016,7.61,561539
12/19/2016,7.59,535548
12/20/2016,7.87,871421
12/21/2016,7.64,1484702
12/22/2016,7.16,1661753
12/23/2016,7.23,536182
12/24/2016,7.19,417117
12/25/2016,7.21,544580
12/26/2016,7.15,652961
12/27/2016,7.57,1766689
12/28/2016,8.21,3493858
12/29/2016,8.16,1329431
12/30/2016,8.05,1105687
12/31/2016,8.14,1347147
1/1/2017,8.33,1292250
1/2/2017,9.59,5292231
1/3/2017,10.88,7005140
1/4/2017,10.2,9120265
1/5/2017,10.07,3477359
1/6/2017,9.78,1942619
1/7/2017,10.27,1933043
1/8/2017,10.2,2324307
1/9/2017,10.55,1592370
1/10/2017,9.83,3510206
1/11/2017,9.81,2340175
1/12/2017,9.78,1201195
1/13/2017,9.78,610220
1/14/2017,9.88,466935
1/15/2017,9.59,857365
1/16/2017,10.14,2847715
1/17/2017,10.19,1986053
1/18/2017,10.43,1181087
1/19/2017,10.6,1630007
1/20/2017,10.91,1663670
1/21/2017,10.71,1443235
1/22/2017,10.78,1035512
1/23/2017,10.51,1330265
1/24/2017,10.51,864774
1/25/2017,10.65,940417
1/26/2017,10.51,1060899
1/27/2017,10.54,764915
1/28/2017,10.47,412832
1/29/2017,10.62,1369992
1/30/2017,10.71,2020510
1/31/2017,10.71,2367496
2/1/2017,10.78,2738130
2/2/2017,10.95,2590189
2/3/2017,11.32,2507121
2/4/2017,11.22,904300
2/5/2017,11.32,970692
2/6/2017,11.45,1481700
2/7/2017,11.39,1842031
2/8/2017,10.94,3312153
2/9/2017,11.34,1955534
2/10/2017,11.43,1131595
2/11/2017,11.42,679904
2/12/2017,11.39,1044736
2/13/2017,13,8633943
2/14/2017,12.97,3998609
2/15/2017,12.95,26181931
2/16/2017,12.72,2015038
2/17/2017,12.83,1270318
2/18/2017,12.82,1028415
2/19/2017,12.52,1980817
2/20/2017,12.77,2738193
2/21/2017,12.69,1724079
2/22/2017,13.13,2869257
2/23/2017,13.11,3472766
2/24/2017,13.57,3554709
2/25/2017,14.59,4621619
2/26/2017,15.55,8252909
2/27/2017,16.07,19857331
2/28/2017,17.549999,13731714
3/1/2017,19.08,19994584
3/2/2017,19.48,24152328
3/3/2017,18.610001,7413157
3/4/2017,19.219999,5782306
3/5/2017,19.75,10247940
3/6/2017,18.91,11143090
3/7/2017,16.540001,13176714
3/8/2017,17.709999,9124768
3/9/2017,19.129999,25211751
3/10/2017,21.450001,16305702
3/11/2017,23.309999,18139890
3/12/2017,28.450001,62404918
3/13/2017,28.58,20686242
3/14/2017,35.18,41558801
3/15/2017,45.509998,110340100
3/16/2017,44.48,126403905
3/17/2017,34,78375178
3/18/2017,43.119999,66179861
3/19/2017,42.509998,36051939
3/20/2017,42.669998,20719388
3/21/2017,41.650002,24709533
3/22/2017,43.200001,23891682
3/23/2017,53.189999,73808171
3/24/2017,50.619999,54975694
3/25/2017,50.630001,23147171
3/26/2017,49.060001,24298571
3/27/2017,50.25,22561201
3/28/2017,53.07,38472526
3/29/2017,51.91,21489377
3/30/2017,49.91,37271970
3/31/2017,50.599998,16332366
4/1/2017,48.549999,29315614
4/2/2017,44.130001,44841678
4/3/2017,44.43,30705300
4/4/2017,44.900002,21702217
4/5/2017,43.23,23956305
4/6/2017,42.310001,12658079
4/7/2017,44.369999,12638180
4/8/2017,43.720001,7984771
4/9/2017,43.740002,9252478
4/10/2017,43.740002,6477981
4/11/2017,46.380001,22030599
4/12/2017,49.970001,28170249
4/13/2017,47.32,15807873
4/14/2017,48.889999,10687561
4/15/2017,48.220001,4563693
4/16/2017,47.939999,8322156
4/17/2017,49.880001,22065841
4/18/2017,47.880001,19057555
4/19/2017,49.360001,15519870
4/20/2017,48.27,9824903
4/21/2017,48.41,7451077
4/22/2017,48.75,8709584
4/23/2017,49.939999,12211894
4/24/2017,50.09,8566119
4/25/2017,53.279999,28727738
4/26/2017,63.139999,45226868
4/27/2017,72.419998,71238627
4/28/2017,69.830002,38785700
4/29/2017,79.830002,45723362
4/30/2017,77.529999,99260395
5/1/2017,77.25,43090049
5/2/2017,80.370003,38833085
5/3/2017,94.550003,84572615
5/4/2017,90.790001,72828175
5/5/2017,94.82,30584898
5/6/2017,90.459999,45495746
5/7/2017,88.389999,50131802
5/8/2017,86.269997,63784971
5/9/2017,87.830002,28478144
5/10/2017,88.199997,32402025
5/11/2017,85.150002,37700850
5/12/2017,87.959999,18579547
5/13/2017,88.720001,14701160
5/14/2017,90.32,50259306
5/15/2017,87.800003,38782037
5/16/2017,86.980003,39565758
5/17/2017,95.879997,46394766
5/18/2017,124.379997,130687977
5/19/2017,123.059998,63750018
5/20/2017,148,110402028
5/21/2017,160.389999,274191653
5/22/2017,169.5,114242328
5/23/2017,193.029999,175438578
5/24/2017,177.330002,238787495
5/25/2017,162.830002,180297613
5/26/2017,156.630005,220037050
5/27/2017,172.860001,127225150
5/28/2017,194.169998,117364507
5/29/2017,228.580002,259513540
5/30/2017,228.639999,225740686
5/31/2017,220.699997,188744370
6/1/2017,222.039993,89635792
6/2/2017,224.300003,55938007
6/3/2017,244.960007,123696111
6/4/2017,247.75,83061054
6/5/2017,264.26001,189040588
6/6/2017,255.770004,115588722
6/7/2017,259.410004,90124852
6/8/2017,279.109985,121471877
6/9/2017,335.950012,286877358
6/10/2017,339.679993,215135870
6/11/2017,394.660004,549683393
6/12/2017,388.089996,260123720
6/13/2017,343.839996,348212541
6/14/2017,344.679993,602112721
6/15/2017,353.609985,223997348
6/16/2017,368.100006,134453789
6/17/2017,351.529999,162855868
6/18/2017,358.200012,106180717
6/19/2017,350.529999,201343473
6/20/2017,325.299988,305462617
6/21/2017,320.970001,155828144
6/22/2017,326.850006,78597250
6/23/2017,304.540009,114491120
6/24/2017,279.359985,222961091
6/25/2017,253.679993,444174618
6/26/2017,286.140015,346738914
6/27/2017,315.859985,366875067
6/28/2017,292.899994,249819374
6/29/2017,280.679993,205409173
6/30/2017,261,214127111
7/1/2017,283.98999,189730463
7/2/2017,276.410004,139887958
7/3/2017,269.049988,141480666
7/4/2017,266,162838117
7/5/2017,265.880005,106470793
7/6/2017,240.940002,171183446
7/7/2017,245.669998,139823006
7/8/2017,237.720001,76538488
7/9/2017,205.759995,274808713
7/10/2017,190.550003,368656185
7/11/2017,224.149994,289483936
7/12/2017,205.410004,196303864
7/13/2017,197.139999,181470096
7/14/2017,169.100006,176484014
7/15/2017,155.419998,374176884
7/16/2017,189.970001,352420261
7/17/2017,227.089996,642203465
7/18/2017,194.410004,576048989
7/19/2017,226.330002,504434488
7/20/2017,216.330002,233383296
7/21/2017,230.470001,151128752
7/22/2017,228.320007,128301932
7/23/2017,225.479996,90165893
7/24/2017,203.589996,285374761
7/25/2017,202.880005,161659275
7/26/2017,202.929993,102009361
7/27/2017,191.210007,123425467
7/28/2017,206.139999,192325102
7/29/2017,196.779999,110586575
7/30/2017,201.330002,103641349
7/31/2017,225.899994,314260050
8/1/2017,218.119995,122967812
8/2/2017,224.389999,93201219
8/3/2017,220.600006,87804496
8/4/2017,253.089996,251531536
8/5/2017,264.559998,219315844
8/6/2017,269.940002,158590573
8/7/2017,296.51001,229459233
8/8/2017,295.279999,439031586
8/9/2017,298.279999,173781086
8/10/2017,309.320007,146799311
8/11/2017,308.019989,198463746
8/12/2017,296.619995,209757139
8/13/2017,299.160004,138516552
8/14/2017,286.519989,209502360
8/15/2017,301.380005,143590085
8/16/2017,300.299988,141776697
8/17/2017,292.619995,155333057
8/18/2017,293.019989,133331931
8/19/2017,298.200012,86214711
8/20/2017,321.850006,371320147
8/21/2017,313.369995,255666010
8/22/2017,317.399994,136793702
8/23/2017,325.279999,113467892
8/24/2017,330.059998,142040413
8/25/2017,332.859985,70828266
8/26/2017,347.880005,113661914
8/27/2017,347.660004,155518324
8/28/2017,372.350006,245077133
8/29/2017,383.859985,247280361
8/30/2017,388.329987,129260777
8/31/2017,391.420013,192664622
9/1/2017,351.029999,392672123
9/2/2017,352.450012,220213614
9/3/2017,303.700012,518097340
9/4/2017,317.940002,285969365
9/5/2017,338.920013,207751167
9/6/2017,335.369995,145609934
9/7/2017,306.720001,307973324
9/8/2017,303.790009,127930167
9/9/2017,299.209991,179819553
9/10/2017,297.950012,149130023
9/11/2017,294.100006,212949898
9/12/2017,275.839996,328829086
9/13/2017,223.139999,448360655
9/14/2017,259.570007,601118554
9/15/2017,254.490005,213735353
9/16/2017,258.399994,129073620
9/17/2017,297.529999,316944028
9/18/2017,283,211173075
9/19/2017,283.559998,119360306
9/20/2017,257.769989,213821119
9/21/2017,262.940002,128332019
9/22/2017,286.140015,111790766
9/23/2017,282.600006,129812958
9/24/2017,294.890015,125825077
9/25/2017,288.640015,77729398
9/26/2017,309.970001,155862803
9/27/2017,302.769989,116142194
9/28/2017,292.579987,189289895
9/29/2017,302.769989,82819424
9/30/2017,303.950012,66161942
10/1/2017,296.809998,87144370
10/2/2017,291.809998,88276884
10/3/2017,291.679993,67580849
10/4/2017,294.98999,59328523
10/5/2017,308.329987,80140194
10/6/2017,311.26001,83321062
10/7/2017,309.48999,67801593
10/8/2017,296.950012,140753204
10/9/2017,298.459991,80475858
10/10/2017,302.859985,67246675
10/11/2017,302.890015,130357482
10/12/2017,336.829987,325130767
10/13/2017,338.809998,118217861
10/14/2017,336.579987,154046243
10/15/2017,334.230011,170532984
10/16/2017,316.140015,133468389
10/17/2017,313.540009,164595270
10/18/2017,307.410004,92233614
10/19/2017,303.079987,91295399
10/20/2017,299.549988,91321527
10/21/2017,294.029999,67955886
10/22/2017,285.269989,121924456
10/23/2017,296.5,165128705
10/24/2017,296.350006,72454123
10/25/2017,295.540009,47625722
10/26/2017,296.359985,45180916
10/27/2017,293.350006,41932396
10/28/2017,304.040009,107293933
10/29/2017,306.799988,57189166
10/30/2017,303.640015,65784953
10/31/2017,289.420013,121046164
11/1/2017,284.920013,200255173
11/2/2017,304.51001,144510264
11/3/2017,300.040009,82749431
11/4/2017,296.230011,63667315
11/5/2017,296.820007,112601694
11/6/2017,291.839996,155572238
11/7/2017,307.350006,245218193
11/8/2017,319.660004,207473774
11/9/2017,296.859985,242321395
11/10/2017,314.230011,163117794
11/11/2017,306.019989,269198764
11/12/2017,314.600006,174789178
11/13/2017,334.720001,256426287
11/14/2017,331.200012,171713343
11/15/2017,330.320007,157426941
11/16/2017,331.720001,124992568
11/17/2017,346.649994,141724984
11/18/2017,354.600006,225946121
11/19/2017,367.709991,167626773
11/20/2017,360.519989,251898109
11/21/2017,380.839996,164317320
11/22/2017,406.570007,414164352
11/23/2017,470.429993,394452948
11/24/2017,464.609985,301212841
11/25/2017,470.540009,172973289
11/26/2017,475.23999,319587125
11/27/2017,466.269989,258005286
11/28/2017,427.420013,619578824
11/29/2017,434.850006,438013592
11/30/2017,461.579987,259931075
12/1/2017,457.959991,214732551
12/2/2017,462.809998,237918665
12/3/2017,466.929993,189877684
12/4/2017,453.959991,227246572
12/5/2017,422.480011,470223347
12/6/2017,421.149994,416652301
12/7/2017,451.73999,479837604
12/8/2017,472.859985,522718280
12/9/2017,436.48999,307733091
12/10/2017,513.289978,359245523
12/11/2017,656.52002,997267993
12/12/2017,699.090027,1324617349
12/13/2017,693.580017,806129945
12/14/2017,684.27002,633348317
12/15/2017,692.830017,378863163
12/16/2017,717.710022,381124251
12/17/2017,785.98999,752383737
12/18/2017,812.5,1094688835
12/19/2017,799.169983,889990388
12/20/2017,789.390015,725479885
12/21/2017,657.830017,1535685091
12/22/2017,700.440002,468771914
12/23/2017,675.909973,477777689
12/24/2017,723.140015,382873119
12/25/2017,753.400024,293691001
12/26/2017,739.940002,352542483
12/27/2017,716.690002,437323299
12/28/2017,739.599976,392497843
12/29/2017,692.98999,455555629
12/30/2017,741.130005,259822610
12/31/2017,756.200012,256171569
1/1/2018,861.969971,949013949
1/2/2018,941.099976,778108786
1/3/2018,944.830017,780050914
1/4/2018,967.130005,808280779
1/5/2018,1006.409973,381555969
1/6/2018,1117.75,602250144
1/7/2018,1136.109985,1292737991
1/8/2018,1289.23999,986697724
1/9/2018,1248.98999,1445484601
1/10/2018,1139.319946,1270849838
1/11/2018,1261.030029,704750432
1/12/2018,1385.02002,744906594
1/13/2018,1359.47998,610496132
1/14/2018,1278.689941,537797572
1/15/2018,1050.26001,1931700742
1/16/2018,1024.689941,2034010888
1/17/2018,1012.969971,1117430433
1/18/2018,1037.359985,517599347
1/19/2018,1150.5,545646401
1/20/2018,1049.089966,543760385
1/21/2018,999.640015,676845706
1/22/2018,984.469971,660805261
1/23/2018,1061.780029,521553676
1/24/2018,1046.369995,568607934
1/25/2018,1048.579956,509049582
1/26/2018,1109.079956,395059716
1/27/2018,1231.579956,662174309
1/28/2018,1169.959961,515965244
1/29/2018,1063.75,835962532
1/30/2018,1111.310059,550605628
1/31/2018,1026.189941,1033001644
2/1/2018,917.469971,1606436956
2/2/2018,970.869995,552868551
2/3/2018,827.590027,666593264
2/4/2018,695.080017,1272929187
2/5/2018,785.01001,1556542861
2/6/2018,751.809998,895500139
2/7/2018,813.549988,510550202
2/8/2018,877.880005,469210004
2/9/2018,850.75,451412405
2/10/2018,811.23999,308313754
2/11/2018,865.27002,300521830
2/12/2018,840.97998,256092877
2/13/2018,920.109985,470132510
2/14/2018,927.950012,454133646
2/15/2018,938.02002,282763877
2/16/2018,974.77002,276682460
2/17/2018,913.900024,375068724
2/18/2018,939.789978,218921662
2/19/2018,885.52002,344672330
2/20/2018,840.099976,445950029
2/21/2018,804.630005,362800754
2/22/2018,854.700012,340134173
2/23/2018,833.48999,255866976
2/24/2018,840.280029,171228507
2/25/2018,867.619995,247282448
2/26/2018,871.580017,201082786
2/27/2018,851.5,195669597
2/28/2018,869.869995,182033011
3/1/2018,855.599976,135957233
3/2/2018,855.650024,94471138
3/3/2018,864.830017,99578403
3/4/2018,849.419983,127303467
3/5/2018,815.690002,195875620
3/6/2018,751.130005,354361800
3/7/2018,698.830017,289838564
3/8/2018,726.919983,409323870
3/9/2018,682.299988,203802606
3/10/2018,720.359985,206098889
3/11/2018,697.02002,208107856
3/12/2018,689.960022,194913670
3/13/2018,613.150024,325415119
3/14/2018,610.559998,342311699
3/15/2018,600.530029,221082941
3/16/2018,549.789978,208843294
3/17/2018,537.380005,719812876
3/18/2018,555.549988,418500605
3/19/2018,557.570007,331343470
3/20/2018,559.909973,277714049
3/21/2018,539.890015,233985932
3/22/2018,543.830017,225200086
3/23/2018,520.159973,129350391
3/24/2018,523.01001,111462284
3/25/2018,486.25,278656813
3/26/2018,448.779999,328179170
3/27/2018,445.929993,187271233
3/28/2018,383.899994,472575968
3/29/2018,393.820007,450253373
3/30/2018,394.070007,243062846
3/31/2018,378.850006,236013242
4/1/2018,384.679993,156793473
4/2/2018,415.929993,223508235
4/3/2018,378.649994,223170178
4/4/2018,381.359985,160332018
4/5/2018,370.350006,133748822
4/6/2018,384.980011,108165642
4/7/2018,400.720001,107956653
4/8/2018,399.019989,271803047
4/9/2018,415.649994,129335600
4/10/2018,430.420013,167561896
4/11/2018,493.950012,450834363
4/12/2018,494.959991,470945268
4/13/2018,502.790009,191073028
4/14/2018,534.150024,243926045
4/15/2018,511.670013,249996040
